'Time and date','F8-T8'
'hh:mm:ss.mmm dd/mm/yyyy','uV'
'[15:08:02.000 06/11/2076]',52.747
'[15:08:02.004 06/11/2076]',75.018
'[15:08:02.008 06/11/2076]',91.819
'[15:08:02.012 06/11/2076]',71.111
'[15:08:02.016 06/11/2076]',83.614
'[15:08:02.020 06/11/2076]',84.396
'[15:08:02.023 06/11/2076]',82.051
'[15:08:02.027 06/11/2076]',87.912
'[15:08:02.031 06/11/2076]',93.382
'[15:08:02.035 06/11/2076]',116.044
'[15:08:02.039 06/11/2076]',134.799
'[15:08:02.043 06/11/2076]',156.288
'[15:08:02.047 06/11/2076]',187.937
'[15:08:02.051 06/11/2076]',134.799
'[15:08:02.055 06/11/2076]',101.587
'[15:08:02.059 06/11/2076]',116.825
'[15:08:02.063 06/11/2076]',124.249
'[15:08:02.066 06/11/2076]',131.673
'[15:08:02.070 06/11/2076]',155.897
'[15:08:02.074 06/11/2076]',169.573
'[15:08:02.078 06/11/2076]',168.010
'[15:08:02.082 06/11/2076]',190.672
'[15:08:02.086 06/11/2076]',198.095
'[15:08:02.090 06/11/2076]',176.996
'[15:08:02.094 06/11/2076]',189.890
'[15:08:02.098 06/11/2076]',203.565
'[15:08:02.102 06/11/2076]',214.896
'[15:08:02.105 06/11/2076]',223.492
'[15:08:02.109 06/11/2076]',233.260
'[15:08:02.113 06/11/2076]',227.790
'[15:08:02.117 06/11/2076]',208.254
'[15:08:02.121 06/11/2076]',217.631
'[15:08:02.125 06/11/2076]',237.949
'[15:08:02.129 06/11/2076]',246.545
'[15:08:02.133 06/11/2076]',252.015
'[15:08:02.137 06/11/2076]',266.081
'[15:08:02.141 06/11/2076]',281.319
'[15:08:02.145 06/11/2076]',298.120
'[15:08:02.148 06/11/2076]',315.702
'[15:08:02.152 06/11/2076]',318.828
'[15:08:02.156 06/11/2076]',321.563
'[15:08:02.160 06/11/2076]',335.238
'[15:08:02.164 06/11/2076]',357.900
'[15:08:02.168 06/11/2076]',368.449
'[15:08:02.172 06/11/2076]',369.231
'[15:08:02.176 06/11/2076]',378.608
'[15:08:02.180 06/11/2076]',381.734
'[15:08:02.184 06/11/2076]',375.482
'[15:08:02.188 06/11/2076]',373.138
'[15:08:02.191 06/11/2076]',381.734
'[15:08:02.195 06/11/2076]',383.687
'[15:08:02.199 06/11/2076]',382.906
'[15:08:02.203 06/11/2076]',389.158
'[15:08:02.207 06/11/2076]',391.111
'[15:08:02.211 06/11/2076]',394.237
'[15:08:02.215 06/11/2076]',406.349
'[15:08:02.219 06/11/2076]',411.819
'[15:08:02.223 06/11/2076]',414.554
'[15:08:02.227 06/11/2076]',434.481
'[15:08:02.230 06/11/2076]',446.984
'[15:08:02.234 06/11/2076]',451.282
'[15:08:02.238 06/11/2076]',455.580
'[15:08:02.242 06/11/2076]',472.772
'[15:08:02.246 06/11/2076]',480.195
'[15:08:02.250 06/11/2076]',484.884
'[15:08:02.254 06/11/2076]',487.228
'[15:08:02.258 06/11/2076]',495.043
'[15:08:02.262 06/11/2076]',494.261
'[15:08:02.266 06/11/2076]',489.182
'[15:08:02.270 06/11/2076]',485.275
'[15:08:02.273 06/11/2076]',479.805
'[15:08:02.277 06/11/2076]',485.275
'[15:08:02.281 06/11/2076]',492.698
'[15:08:02.285 06/11/2076]',489.573
'[15:08:02.289 06/11/2076]',486.056
'[15:08:02.293 06/11/2076]',482.930
'[15:08:02.297 06/11/2076]',487.228
'[15:08:02.301 06/11/2076]',468.083
'[15:08:02.305 06/11/2076]',424.713
'[15:08:02.309 06/11/2076]',413.773
'[15:08:02.313 06/11/2076]',402.442
'[15:08:02.316 06/11/2076]',361.416
'[15:08:02.320 06/11/2076]',363.370
'[15:08:02.324 06/11/2076]',364.151
'[15:08:02.328 06/11/2076]',305.934
'[15:08:02.332 06/11/2076]',297.338
'[15:08:02.336 06/11/2076]',279.756
'[15:08:02.340 06/11/2076]',251.233
'[15:08:02.344 06/11/2076]',244.200
'[15:08:02.348 06/11/2076]',243.028
'[15:08:02.352 06/11/2076]',228.181
'[15:08:02.355 06/11/2076]',203.175
'[15:08:02.359 06/11/2076]',214.896
'[15:08:02.363 06/11/2076]',224.274
'[15:08:02.367 06/11/2076]',225.836
'[15:08:02.371 06/11/2076]',199.658
'[15:08:02.375 06/11/2076]',204.347
'[15:08:02.379 06/11/2076]',187.937
'[15:08:02.383 06/11/2076]',107.839
'[15:08:02.387 06/11/2076]',111.746
'[15:08:02.391 06/11/2076]',173.089
'[15:08:02.395 06/11/2076]',100.806
'[15:08:02.398 06/11/2076]',135.189
'[15:08:02.402 06/11/2076]',168.010
'[15:08:02.406 06/11/2076]',126.203
'[15:08:02.410 06/11/2076]',103.932
'[15:08:02.414 06/11/2076]',129.719
'[15:08:02.418 06/11/2076]',59.780
'[15:08:02.422 06/11/2076]',11.722
'[15:08:02.426 06/11/2076]',17.192
'[15:08:02.430 06/11/2076]',36.728
'[15:08:02.434 06/11/2076]',36.337
'[15:08:02.438 06/11/2076]',53.138
'[15:08:02.441 06/11/2076]',54.310
'[15:08:02.445 06/11/2076]',43.370
'[15:08:02.449 06/11/2076]',18.364
'[15:08:02.453 06/11/2076]',-5.470
'[15:08:02.457 06/11/2076]',45.324
'[15:08:02.461 06/11/2076]',-14.457
'[15:08:02.465 06/11/2076]',3.516
'[15:08:02.469 06/11/2076]',34.383
'[15:08:02.473 06/11/2076]',28.523
'[15:08:02.477 06/11/2076]',32.821
'[15:08:02.480 06/11/2076]',27.350
'[15:08:02.484 06/11/2076]',-64.860
'[15:08:02.488 06/11/2076]',-119.170
'[15:08:02.492 06/11/2076]',-116.825
'[15:08:02.496 06/11/2076]',-3.907
'[15:08:02.500 06/11/2076]',-87.521
'[15:08:02.504 06/11/2076]',-5.470
'[15:08:02.508 06/11/2076]',17.582
'[15:08:02.512 06/11/2076]',-91.038
'[15:08:02.516 06/11/2076]',-73.455
'[15:08:02.520 06/11/2076]',-48.059
'[15:08:02.523 06/11/2076]',-124.640
'[15:08:02.527 06/11/2076]',-137.143
'[15:08:02.531 06/11/2076]',15.238
'[15:08:02.535 06/11/2076]',57.827
'[15:08:02.539 06/11/2076]',-1.563
'[15:08:02.543 06/11/2076]',-32.430
'[15:08:02.547 06/11/2076]',-90.647
'[15:08:02.551 06/11/2076]',-141.441
'[15:08:02.555 06/11/2076]',-351.258
'[15:08:02.559 06/11/2076]',-88.303
'[15:08:02.563 06/11/2076]',-115.653
'[15:08:02.566 06/11/2076]',-224.664
'[15:08:02.570 06/11/2076]',-117.607
'[15:08:02.574 06/11/2076]',-112.137
'[15:08:02.578 06/11/2076]',-143.785
'[15:08:02.582 06/11/2076]',-99.243
'[15:08:02.586 06/11/2076]',-24.615
'[15:08:02.590 06/11/2076]',-207.473
'[15:08:02.594 06/11/2076]',-228.571
'[15:08:02.598 06/11/2076]',-22.662
'[15:08:02.602 06/11/2076]',-166.056
'[15:08:02.605 06/11/2076]',-50.403
'[15:08:02.609 06/11/2076]',79.707
'[15:08:02.613 06/11/2076]',-71.502
'[15:08:02.617 06/11/2076]',-115.263
'[15:08:02.621 06/11/2076]',50.794
'[15:08:02.625 06/11/2076]',-23.443
'[15:08:02.629 06/11/2076]',-139.878
'[15:08:02.633 06/11/2076]',-155.507
'[15:08:02.637 06/11/2076]',-160.195
'[15:08:02.641 06/11/2076]',-223.883
'[15:08:02.645 06/11/2076]',-108.230
'[15:08:02.648 06/11/2076]',21.099
'[15:08:02.652 06/11/2076]',-103.150
'[15:08:02.656 06/11/2076]',26.960
'[15:08:02.660 06/11/2076]',-25.397
'[15:08:02.664 06/11/2076]',-328.987
'[15:08:02.668 06/11/2076]',-53.138
'[15:08:02.672 06/11/2076]',-44.151
'[15:08:02.676 06/11/2076]',-119.560
'[15:08:02.680 06/11/2076]',-126.984
'[15:08:02.684 06/11/2076]',-79.316
'[15:08:02.688 06/11/2076]',-278.584
'[15:08:02.691 06/11/2076]',-226.618
'[15:08:02.695 06/11/2076]',-51.184
'[15:08:02.699 06/11/2076]',-52.357
'[15:08:02.703 06/11/2076]',83.614
'[15:08:02.707 06/11/2076]',28.523
'[15:08:02.711 06/11/2076]',-85.958
'[15:08:02.715 06/11/2076]',-55.092
'[15:08:02.719 06/11/2076]',-352.821
'[15:08:02.723 06/11/2076]',-135.971
'[15:08:02.727 06/11/2076]',22.662
'[15:08:02.730 06/11/2076]',-131.673
'[15:08:02.734 06/11/2076]',-130.891
'[15:08:02.738 06/11/2076]',-110.574
'[15:08:02.742 06/11/2076]',-243.028
'[15:08:02.746 06/11/2076]',-145.348
'[15:08:02.750 06/11/2076]',24.615
'[15:08:02.754 06/11/2076]',-210.598
'[15:08:02.758 06/11/2076]',-262.564
'[15:08:02.762 06/11/2076]',-257.094
'[15:08:02.766 06/11/2076]',-219.194
'[15:08:02.770 06/11/2076]',-83.614
'[15:08:02.773 06/11/2076]',-19.536
'[15:08:02.777 06/11/2076]',-158.632
'[15:08:02.781 06/11/2076]',-152.381
'[15:08:02.785 06/11/2076]',-242.637
'[15:08:02.789 06/11/2076]',-257.875
'[15:08:02.793 06/11/2076]',-240.293
'[15:08:02.797 06/11/2076]',28.523
'[15:08:02.801 06/11/2076]',-77.753
'[15:08:02.805 06/11/2076]',-152.772
'[15:08:02.809 06/11/2076]',-191.453
'[15:08:02.813 06/11/2076]',-309.060
'[15:08:02.816 06/11/2076]',-262.955
'[15:08:02.820 06/11/2076]',-49.621
'[15:08:02.824 06/11/2076]',28.523
'[15:08:02.828 06/11/2076]',-159.023
'[15:08:02.832 06/11/2076]',-120.733
'[15:08:02.836 06/11/2076]',-303.980
'[15:08:02.840 06/11/2076]',-176.215
'[15:08:02.844 06/11/2076]',5.079
'[15:08:02.848 06/11/2076]',73.846
'[15:08:02.852 06/11/2076]',54.701
'[15:08:02.855 06/11/2076]',51.575
'[15:08:02.859 06/11/2076]',30.085
'[15:08:02.863 06/11/2076]',2.344
'[15:08:02.867 06/11/2076]',196.923
'[15:08:02.871 06/11/2076]',139.096
'[15:08:02.875 06/11/2076]',-14.066
'[15:08:02.879 06/11/2076]',71.502
'[15:08:02.883 06/11/2076]',69.158
'[15:08:02.887 06/11/2076]',15.238
'[15:08:02.891 06/11/2076]',13.284
'[15:08:02.895 06/11/2076]',292.650
'[15:08:02.898 06/11/2076]',23.053
'[15:08:02.902 06/11/2076]',172.698
'[15:08:02.906 06/11/2076]',210.989
'[15:08:02.910 06/11/2076]',-9.768
'[15:08:02.914 06/11/2076]',-71.111
'[15:08:02.918 06/11/2076]',-48.840
'[15:08:02.922 06/11/2076]',-139.096
'[15:08:02.926 06/11/2076]',-4.689
'[15:08:02.930 06/11/2076]',160.977
'[15:08:02.934 06/11/2076]',121.905
'[15:08:02.938 06/11/2076]',224.274
'[15:08:02.941 06/11/2076]',182.857
'[15:08:02.945 06/11/2076]',24.225
'[15:08:02.949 06/11/2076]',54.310
'[15:08:02.953 06/11/2076]',174.261
'[15:08:02.957 06/11/2076]',142.613
'[15:08:02.961 06/11/2076]',220.366
'[15:08:02.965 06/11/2076]',103.932
'[15:08:02.969 06/11/2076]',-112.918
'[15:08:02.973 06/11/2076]',-23.834
'[15:08:02.977 06/11/2076]',3.126
'[15:08:02.980 06/11/2076]',75.800
'[15:08:02.984 06/11/2076]',163.321
'[15:08:02.988 06/11/2076]',235.214
'[15:08:02.992 06/11/2076]',60.562
'[15:08:02.996 06/11/2076]',186.374
'[15:08:03.000 06/11/2076]',89.866
'[15:08:03.004 06/11/2076]',75.409
'[15:08:03.008 06/11/2076]',123.858
'[15:08:03.012 06/11/2076]',125.812
'[15:08:03.016 06/11/2076]',139.487
'[15:08:03.020 06/11/2076]',146.520
'[15:08:03.023 06/11/2076]',136.752
'[15:08:03.027 06/11/2076]',125.421
'[15:08:03.031 06/11/2076]',141.832
'[15:08:03.035 06/11/2076]',151.209
'[15:08:03.039 06/11/2076]',156.679
'[15:08:03.043 06/11/2076]',164.884
'[15:08:03.047 06/11/2076]',170.354
'[15:08:03.051 06/11/2076]',119.170
'[15:08:03.055 06/11/2076]',113.700
'[15:08:03.059 06/11/2076]',121.123
'[15:08:03.063 06/11/2076]',123.468
'[15:08:03.066 06/11/2076]',132.454
'[15:08:03.070 06/11/2076]',134.799
'[15:08:03.074 06/11/2076]',129.328
'[15:08:03.078 06/11/2076]',123.468
'[15:08:03.082 06/11/2076]',125.031
'[15:08:03.086 06/11/2076]',123.077
'[15:08:03.090 06/11/2076]',119.170
'[15:08:03.094 06/11/2076]',120.733
'[15:08:03.098 06/11/2076]',123.077
'[15:08:03.102 06/11/2076]',120.342
'[15:08:03.105 06/11/2076]',120.733
'[15:08:03.109 06/11/2076]',124.249
'[15:08:03.113 06/11/2076]',114.872
'[15:08:03.117 06/11/2076]',100.415
'[15:08:03.121 06/11/2076]',74.237
'[15:08:03.125 06/11/2076]',67.204
'[15:08:03.129 06/11/2076]',75.800
'[15:08:03.133 06/11/2076]',58.608
'[15:08:03.137 06/11/2076]',34.383
'[15:08:03.141 06/11/2076]',24.225
'[15:08:03.145 06/11/2076]',7.033
'[15:08:03.148 06/11/2076]',-38.291
'[15:08:03.152 06/11/2076]',-6.642
'[15:08:03.156 06/11/2076]',-12.894
'[15:08:03.160 06/11/2076]',-23.443
'[15:08:03.164 06/11/2076]',-1.563
'[15:08:03.168 06/11/2076]',-0.781
'[15:08:03.172 06/11/2076]',-23.443
'[15:08:03.176 06/11/2076]',-42.979
'[15:08:03.180 06/11/2076]',-26.960
'[15:08:03.184 06/11/2076]',-85.177
'[15:08:03.188 06/11/2076]',-96.508
'[15:08:03.191 06/11/2076]',-85.177
'[15:08:03.195 06/11/2076]',-69.939
'[15:08:03.199 06/11/2076]',-92.601
'[15:08:03.203 06/11/2076]',-87.131
'[15:08:03.207 06/11/2076]',-94.164
'[15:08:03.211 06/11/2076]',-110.965
'[15:08:03.215 06/11/2076]',-109.792
'[15:08:03.219 06/11/2076]',-122.295
'[15:08:03.223 06/11/2076]',-162.540
'[15:08:03.227 06/11/2076]',-141.050
'[15:08:03.230 06/11/2076]',-141.832
'[15:08:03.234 06/11/2076]',-155.507
'[15:08:03.238 06/11/2076]',-132.845
'[15:08:03.242 06/11/2076]',-125.031
'[15:08:03.246 06/11/2076]',-130.110
'[15:08:03.250 06/11/2076]',-128.156
'[15:08:03.254 06/11/2076]',-113.309
'[15:08:03.258 06/11/2076]',-93.773
'[15:08:03.262 06/11/2076]',-80.488
'[15:08:03.266 06/11/2076]',-57.827
'[15:08:03.270 06/11/2076]',-61.343
'[15:08:03.273 06/11/2076]',-56.654
'[15:08:03.277 06/11/2076]',-50.012
'[15:08:03.281 06/11/2076]',-30.867
'[15:08:03.285 06/11/2076]',-38.681
'[15:08:03.289 06/11/2076]',-26.178
'[15:08:03.293 06/11/2076]',-9.768
'[15:08:03.297 06/11/2076]',-27.350
'[15:08:03.301 06/11/2076]',23.834
'[15:08:03.305 06/11/2076]',11.331
'[15:08:03.309 06/11/2076]',10.159
'[15:08:03.313 06/11/2076]',19.536
'[15:08:03.316 06/11/2076]',-3.907
'[15:08:03.320 06/11/2076]',-19.536
'[15:08:03.324 06/11/2076]',-2.344
'[15:08:03.328 06/11/2076]',-8.596
'[15:08:03.332 06/11/2076]',-1.172
'[15:08:03.336 06/11/2076]',-10.159
'[15:08:03.340 06/11/2076]',-23.834
'[15:08:03.344 06/11/2076]',-25.006
'[15:08:03.348 06/11/2076]',-38.291
'[15:08:03.352 06/11/2076]',-26.960
'[15:08:03.355 06/11/2076]',-32.039
'[15:08:03.359 06/11/2076]',-33.993
'[15:08:03.363 06/11/2076]',-22.271
'[15:08:03.367 06/11/2076]',-45.324
'[15:08:03.371 06/11/2076]',-40.244
'[15:08:03.375 06/11/2076]',-46.496
'[15:08:03.379 06/11/2076]',-52.747
'[15:08:03.383 06/11/2076]',-59.780
'[15:08:03.387 06/11/2076]',-60.171
'[15:08:03.391 06/11/2076]',-64.078
'[15:08:03.395 06/11/2076]',-54.310
'[15:08:03.398 06/11/2076]',-46.886
'[15:08:03.402 06/11/2076]',-48.840
'[15:08:03.406 06/11/2076]',-45.714
'[15:08:03.410 06/11/2076]',-32.039
'[15:08:03.414 06/11/2076]',-20.708
'[15:08:03.418 06/11/2076]',-12.112
'[15:08:03.422 06/11/2076]',-11.722
'[15:08:03.426 06/11/2076]',-10.159
'[15:08:03.430 06/11/2076]',-4.689
'[15:08:03.434 06/11/2076]',-10.549
'[15:08:03.438 06/11/2076]',-10.159
'[15:08:03.441 06/11/2076]',0.391
'[15:08:03.445 06/11/2076]',10.549
'[15:08:03.449 06/11/2076]',21.880
'[15:08:03.453 06/11/2076]',24.615
'[15:08:03.457 06/11/2076]',28.132
'[15:08:03.461 06/11/2076]',39.853
'[15:08:03.465 06/11/2076]',26.569
'[15:08:03.469 06/11/2076]',24.615
'[15:08:03.473 06/11/2076]',28.913
'[15:08:03.477 06/11/2076]',46.496
'[15:08:03.480 06/11/2076]',64.078
'[15:08:03.484 06/11/2076]',46.886
'[15:08:03.488 06/11/2076]',34.774
'[15:08:03.492 06/11/2076]',28.913
'[15:08:03.496 06/11/2076]',12.112
'[15:08:03.500 06/11/2076]',41.416
'[15:08:03.504 06/11/2076]',37.509
'[15:08:03.508 06/11/2076]',40.244
'[15:08:03.512 06/11/2076]',25.397
'[15:08:03.516 06/11/2076]',3.516
'[15:08:03.520 06/11/2076]',-5.861
'[15:08:03.523 06/11/2076]',-8.596
'[15:08:03.527 06/11/2076]',5.079
'[15:08:03.531 06/11/2076]',8.205
'[15:08:03.535 06/11/2076]',-4.298
'[15:08:03.539 06/11/2076]',-4.689
'[15:08:03.543 06/11/2076]',-6.252
'[15:08:03.547 06/11/2076]',-18.755
'[15:08:03.551 06/11/2076]',7.814
'[15:08:03.555 06/11/2076]',0.391
'[15:08:03.559 06/11/2076]',-6.252
'[15:08:03.563 06/11/2076]',16.801
'[15:08:03.566 06/11/2076]',14.457
'[15:08:03.570 06/11/2076]',32.039
'[15:08:03.574 06/11/2076]',24.225
'[15:08:03.578 06/11/2076]',25.006
'[15:08:03.582 06/11/2076]',8.987
'[15:08:03.586 06/11/2076]',9.377
'[15:08:03.590 06/11/2076]',32.039
'[15:08:03.594 06/11/2076]',57.045
'[15:08:03.598 06/11/2076]',50.794
'[15:08:03.602 06/11/2076]',4.689
'[15:08:03.605 06/11/2076]',-4.298
'[15:08:03.609 06/11/2076]',1.563
'[15:08:03.613 06/11/2076]',17.192
'[15:08:03.617 06/11/2076]',38.291
'[15:08:03.621 06/11/2076]',26.960
'[15:08:03.625 06/11/2076]',79.707
'[15:08:03.629 06/11/2076]',86.740
'[15:08:03.633 06/11/2076]',83.614
'[15:08:03.637 06/11/2076]',73.846
'[15:08:03.641 06/11/2076]',58.608
'[15:08:03.645 06/11/2076]',80.488
'[15:08:03.648 06/11/2076]',55.092
'[15:08:03.652 06/11/2076]',8.987
'[15:08:03.656 06/11/2076]',38.681
'[15:08:03.660 06/11/2076]',3.516
'[15:08:03.664 06/11/2076]',30.085
'[15:08:03.668 06/11/2076]',6.642
'[15:08:03.672 06/11/2076]',26.178
'[15:08:03.676 06/11/2076]',-57.436
'[15:08:03.680 06/11/2076]',-107.839
'[15:08:03.684 06/11/2076]',54.310
'[15:08:03.688 06/11/2076]',-28.523
'[15:08:03.691 06/11/2076]',17.973
'[15:08:03.695 06/11/2076]',-9.768
'[15:08:03.699 06/11/2076]',-18.364
'[15:08:03.703 06/11/2076]',-113.309
'[15:08:03.707 06/11/2076]',-63.297
'[15:08:03.711 06/11/2076]',39.463
'[15:08:03.715 06/11/2076]',-66.813
'[15:08:03.719 06/11/2076]',100.415
'[15:08:03.723 06/11/2076]',187.155
'[15:08:03.727 06/11/2076]',-94.164
'[15:08:03.730 06/11/2076]',-39.072
'[15:08:03.734 06/11/2076]',110.574
'[15:08:03.738 06/11/2076]',-364.151
'[15:08:03.742 06/11/2076]',-36.728
'[15:08:03.746 06/11/2076]',72.283
'[15:08:03.750 06/11/2076]',-184.811
'[15:08:03.754 06/11/2076]',-39.853
'[15:08:03.758 06/11/2076]',99.634
'[15:08:03.762 06/11/2076]',42.198
'[15:08:03.766 06/11/2076]',-51.184
'[15:08:03.770 06/11/2076]',16.801
'[15:08:03.773 06/11/2076]',-80.879
'[15:08:03.777 06/11/2076]',-232.088
'[15:08:03.781 06/11/2076]',-100.415
'[15:08:03.785 06/11/2076]',114.872
'[15:08:03.789 06/11/2076]',-179.341
'[15:08:03.793 06/11/2076]',81.270
'[15:08:03.797 06/11/2076]',36.337
'[15:08:03.801 06/11/2076]',-209.035
'[15:08:03.805 06/11/2076]',132.063
'[15:08:03.809 06/11/2076]',-53.919
'[15:08:03.813 06/11/2076]',-3.907
'[15:08:03.816 06/11/2076]',-123.077
'[15:08:03.820 06/11/2076]',-298.901
'[15:08:03.824 06/11/2076]',-288.742
'[15:08:03.828 06/11/2076]',-254.750
'[15:08:03.832 06/11/2076]',-48.840
'[15:08:03.836 06/11/2076]',4.689
'[15:08:03.840 06/11/2076]',65.250
'[15:08:03.844 06/11/2076]',42.198
'[15:08:03.848 06/11/2076]',48.059
'[15:08:03.852 06/11/2076]',-21.880
'[15:08:03.855 06/11/2076]',-114.090
'[15:08:03.859 06/11/2076]',-200.440
'[15:08:03.863 06/11/2076]',-194.969
'[15:08:03.867 06/11/2076]',-66.813
'[15:08:03.871 06/11/2076]',-122.686
'[15:08:03.875 06/11/2076]',34.774
'[15:08:03.879 06/11/2076]',-58.608
'[15:08:03.883 06/11/2076]',-288.352
'[15:08:03.887 06/11/2076]',-302.027
'[15:08:03.891 06/11/2076]',-169.182
'[15:08:03.895 06/11/2076]',-72.674
'[15:08:03.898 06/11/2076]',0.391
'[15:08:03.902 06/11/2076]',71.893
'[15:08:03.906 06/11/2076]',-121.123
'[15:08:03.910 06/11/2076]',-196.532
'[15:08:03.914 06/11/2076]',-5.470
'[15:08:03.918 06/11/2076]',-16.801
'[15:08:03.922 06/11/2076]',19.927
'[15:08:03.926 06/11/2076]',-229.744
'[15:08:03.930 06/11/2076]',-316.874
'[15:08:03.934 06/11/2076]',-325.079
'[15:08:03.938 06/11/2076]',-184.811
'[15:08:03.941 06/11/2076]',209.817
'[15:08:03.945 06/11/2076]',0.391
'[15:08:03.949 06/11/2076]',31.648
'[15:08:03.953 06/11/2076]',-107.839
'[15:08:03.957 06/11/2076]',-338.364
'[15:08:03.961 06/11/2076]',-69.939
'[15:08:03.965 06/11/2076]',-149.255
'[15:08:03.969 06/11/2076]',-156.679
'[15:08:03.973 06/11/2076]',-99.634
'[15:08:03.977 06/11/2076]',-54.701
'[15:08:03.980 06/11/2076]',-39.463
'[15:08:03.984 06/11/2076]',-150.037
'[15:08:03.988 06/11/2076]',-213.724
'[15:08:03.992 06/11/2076]',-241.074
'[15:08:03.996 06/11/2076]',-19.145
'[15:08:04.000 06/11/2076]',8.205
'[15:08:04.004 06/11/2076]',85.177
'[15:08:04.008 06/11/2076]',-125.421
'[15:08:04.012 06/11/2076]',-151.209
'[15:08:04.016 06/11/2076]',-155.507
'[15:08:04.020 06/11/2076]',-101.978
'[15:08:04.023 06/11/2076]',-10.159
'[15:08:04.027 06/11/2076]',-101.587
'[15:08:04.031 06/11/2076]',-103.932
'[15:08:04.035 06/11/2076]',-129.328
'[15:08:04.039 06/11/2076]',-38.291
'[15:08:04.043 06/11/2076]',-61.734
'[15:08:04.047 06/11/2076]',-78.144
'[15:08:04.051 06/11/2076]',-184.420
'[15:08:04.055 06/11/2076]',-127.766
'[15:08:04.059 06/11/2076]',-15.238
'[15:08:04.063 06/11/2076]',35.556
'[15:08:04.066 06/11/2076]',-100.024
'[15:08:04.070 06/11/2076]',-40.244
'[15:08:04.074 06/11/2076]',-156.679
'[15:08:04.078 06/11/2076]',-251.624
'[15:08:04.082 06/11/2076]',71.893
'[15:08:04.086 06/11/2076]',128.938
'[15:08:04.090 06/11/2076]',-123.468
'[15:08:04.094 06/11/2076]',-19.145
'[15:08:04.098 06/11/2076]',-142.613
'[15:08:04.102 06/11/2076]',-150.818
'[15:08:04.105 06/11/2076]',-76.190
'[15:08:04.109 06/11/2076]',80.879
'[15:08:04.113 06/11/2076]',-7.424
'[15:08:04.117 06/11/2076]',-101.587
'[15:08:04.121 06/11/2076]',-62.125
'[15:08:04.125 06/11/2076]',33.993
'[15:08:04.129 06/11/2076]',-16.801
'[15:08:04.133 06/11/2076]',6.252
'[15:08:04.137 06/11/2076]',104.322
'[15:08:04.141 06/11/2076]',-74.237
'[15:08:04.145 06/11/2076]',3.126
'[15:08:04.148 06/11/2076]',162.540
'[15:08:04.152 06/11/2076]',12.894
'[15:08:04.156 06/11/2076]',-103.932
'[15:08:04.160 06/11/2076]',-80.879
'[15:08:04.164 06/11/2076]',-71.111
'[15:08:04.168 06/11/2076]',-137.924
'[15:08:04.172 06/11/2076]',-127.375
'[15:08:04.176 06/11/2076]',78.926
'[15:08:04.180 06/11/2076]',88.303
'[15:08:04.184 06/11/2076]',42.979
'[15:08:04.188 06/11/2076]',60.952
'[15:08:04.191 06/11/2076]',35.556
'[15:08:04.195 06/11/2076]',-101.978
'[15:08:04.199 06/11/2076]',64.860
'[15:08:04.203 06/11/2076]',30.867
'[15:08:04.207 06/11/2076]',184.029
'[15:08:04.211 06/11/2076]',-19.927
'[15:08:04.215 06/11/2076]',-110.183
'[15:08:04.219 06/11/2076]',-16.801
'[15:08:04.223 06/11/2076]',-31.648
'[15:08:04.227 06/11/2076]',-35.165
'[15:08:04.230 06/11/2076]',9.377
'[15:08:04.234 06/11/2076]',88.303
'[15:08:04.238 06/11/2076]',10.940
'[15:08:04.242 06/11/2076]',67.595
'[15:08:04.246 06/11/2076]',50.012
'[15:08:04.250 06/11/2076]',-89.475
'[15:08:04.254 06/11/2076]',-110.183
'[15:08:04.258 06/11/2076]',13.284
'[15:08:04.262 06/11/2076]',122.686
'[15:08:04.266 06/11/2076]',105.885
'[15:08:04.270 06/11/2076]',23.053
'[15:08:04.273 06/11/2076]',-62.125
'[15:08:04.277 06/11/2076]',-237.167
'[15:08:04.281 06/11/2076]',-33.602
'[15:08:04.285 06/11/2076]',89.475
'[15:08:04.289 06/11/2076]',64.860
'[15:08:04.293 06/11/2076]',104.322
'[15:08:04.297 06/11/2076]',-123.858
'[15:08:04.301 06/11/2076]',-163.321
'[15:08:04.305 06/11/2076]',-206.300
'[15:08:04.309 06/11/2076]',-116.435
'[15:08:04.313 06/11/2076]',-111.746
'[15:08:04.316 06/11/2076]',-84.786
'[15:08:04.320 06/11/2076]',-117.216
'[15:08:04.324 06/11/2076]',-152.381
'[15:08:04.328 06/11/2076]',-105.104
'[15:08:04.332 06/11/2076]',-143.394
'[15:08:04.336 06/11/2076]',-101.197
'[15:08:04.340 06/11/2076]',-123.858
'[15:08:04.344 06/11/2076]',-150.037
'[15:08:04.348 06/11/2076]',-66.813
'[15:08:04.352 06/11/2076]',-98.852
'[15:08:04.355 06/11/2076]',-130.891
'[15:08:04.359 06/11/2076]',-39.853
'[15:08:04.363 06/11/2076]',-72.674
'[15:08:04.367 06/11/2076]',-266.081
'[15:08:04.371 06/11/2076]',-64.078
'[15:08:04.375 06/11/2076]',-145.348
'[15:08:04.379 06/11/2076]',-138.706
'[15:08:04.383 06/11/2076]',-13.284
'[15:08:04.387 06/11/2076]',-95.726
'[15:08:04.391 06/11/2076]',-164.103
'[15:08:04.395 06/11/2076]',-198.486
'[15:08:04.398 06/11/2076]',-147.302
'[15:08:04.402 06/11/2076]',-98.071
'[15:08:04.406 06/11/2076]',28.523
'[15:08:04.410 06/11/2076]',-7.814
'[15:08:04.414 06/11/2076]',-41.807
'[15:08:04.418 06/11/2076]',-62.906
'[15:08:04.422 06/11/2076]',-181.685
'[15:08:04.426 06/11/2076]',-105.495
'[15:08:04.430 06/11/2076]',-62.515
'[15:08:04.434 06/11/2076]',-78.144
'[15:08:04.438 06/11/2076]',-47.668
'[15:08:04.441 06/11/2076]',-33.211
'[15:08:04.445 06/11/2076]',-58.608
'[15:08:04.449 06/11/2076]',-57.827
'[15:08:04.453 06/11/2076]',-62.906
'[15:08:04.457 06/11/2076]',-65.641
'[15:08:04.461 06/11/2076]',-27.741
'[15:08:04.465 06/11/2076]',14.066
'[15:08:04.469 06/11/2076]',0.391
'[15:08:04.473 06/11/2076]',0.391
'[15:08:04.477 06/11/2076]',5.470
'[15:08:04.480 06/11/2076]',-15.238
'[15:08:04.484 06/11/2076]',55.873
'[15:08:04.488 06/11/2076]',69.939
'[15:08:04.492 06/11/2076]',87.521
'[15:08:04.496 06/11/2076]',128.547
'[15:08:04.500 06/11/2076]',42.589
'[15:08:04.504 06/11/2076]',47.668
'[15:08:04.508 06/11/2076]',69.548
'[15:08:04.512 06/11/2076]',93.773
'[15:08:04.516 06/11/2076]',127.766
'[15:08:04.520 06/11/2076]',123.077
'[15:08:04.523 06/11/2076]',122.686
'[15:08:04.527 06/11/2076]',132.845
'[15:08:04.531 06/11/2076]',154.335
'[15:08:04.535 06/11/2076]',158.632
'[15:08:04.539 06/11/2076]',215.287
'[15:08:04.543 06/11/2076]',149.255
'[15:08:04.547 06/11/2076]',149.255
'[15:08:04.551 06/11/2076]',143.785
'[15:08:04.555 06/11/2076]',127.766
'[15:08:04.559 06/11/2076]',124.249
'[15:08:04.563 06/11/2076]',152.772
'[15:08:04.566 06/11/2076]',128.938
'[15:08:04.570 06/11/2076]',109.011
'[15:08:04.574 06/11/2076]',159.023
'[15:08:04.578 06/11/2076]',117.216
'[15:08:04.582 06/11/2076]',103.932
'[15:08:04.586 06/11/2076]',135.580
'[15:08:04.590 06/11/2076]',84.786
'[15:08:04.594 06/11/2076]',73.846
'[15:08:04.598 06/11/2076]',103.541
'[15:08:04.602 06/11/2076]',89.866
'[15:08:04.605 06/11/2076]',80.879
'[15:08:04.609 06/11/2076]',116.044
'[15:08:04.613 06/11/2076]',94.164
'[15:08:04.617 06/11/2076]',74.628
'[15:08:04.621 06/11/2076]',75.018
'[15:08:04.625 06/11/2076]',71.502
'[15:08:04.629 06/11/2076]',71.502
'[15:08:04.633 06/11/2076]',68.767
'[15:08:04.637 06/11/2076]',60.171
'[15:08:04.641 06/11/2076]',50.794
'[15:08:04.645 06/11/2076]',48.449
'[15:08:04.648 06/11/2076]',42.198
'[15:08:04.652 06/11/2076]',29.304
'[15:08:04.656 06/11/2076]',14.066
'[15:08:04.660 06/11/2076]',12.112
'[15:08:04.664 06/11/2076]',9.768
'[15:08:04.668 06/11/2076]',10.159
'[15:08:04.672 06/11/2076]',2.344
'[15:08:04.676 06/11/2076]',3.126
'[15:08:04.680 06/11/2076]',-1.563
'[15:08:04.684 06/11/2076]',-18.364
'[15:08:04.688 06/11/2076]',-25.006
'[15:08:04.691 06/11/2076]',-22.271
'[15:08:04.695 06/11/2076]',-23.053
'[15:08:04.699 06/11/2076]',-29.304
'[15:08:04.703 06/11/2076]',-34.383
'[15:08:04.707 06/11/2076]',-48.449
'[15:08:04.711 06/11/2076]',-59.389
'[15:08:04.715 06/11/2076]',-61.343
'[15:08:04.719 06/11/2076]',-66.032
'[15:08:04.723 06/11/2076]',-69.158
'[15:08:04.727 06/11/2076]',-52.747
'[15:08:04.730 06/11/2076]',-48.840
'[15:08:04.734 06/11/2076]',-63.297
'[15:08:04.738 06/11/2076]',-78.926
'[15:08:04.742 06/11/2076]',-77.363
'[15:08:04.746 06/11/2076]',-82.051
'[15:08:04.750 06/11/2076]',-91.429
'[15:08:04.754 06/11/2076]',-91.819
'[15:08:04.758 06/11/2076]',-93.382
'[15:08:04.762 06/11/2076]',-89.475
'[15:08:04.766 06/11/2076]',-79.316
'[15:08:04.770 06/11/2076]',-72.283
'[15:08:04.773 06/11/2076]',-68.767
'[15:08:04.777 06/11/2076]',-60.952
'[15:08:04.781 06/11/2076]',-45.714
'[15:08:04.785 06/11/2076]',-39.463
'[15:08:04.789 06/11/2076]',-25.006
'[15:08:04.793 06/11/2076]',-14.066
'[15:08:04.797 06/11/2076]',-12.894
'[15:08:04.801 06/11/2076]',-35.165
'[15:08:04.805 06/11/2076]',-43.761
'[15:08:04.809 06/11/2076]',-36.337
'[15:08:04.813 06/11/2076]',-29.304
'[15:08:04.816 06/11/2076]',-20.708
'[15:08:04.820 06/11/2076]',-16.020
'[15:08:04.824 06/11/2076]',-17.582
'[15:08:04.828 06/11/2076]',-16.410
'[15:08:04.832 06/11/2076]',-11.722
'[15:08:04.836 06/11/2076]',-13.284
'[15:08:04.840 06/11/2076]',-17.582
'[15:08:04.844 06/11/2076]',-15.238
'[15:08:04.848 06/11/2076]',-10.159
'[15:08:04.852 06/11/2076]',-14.847
'[15:08:04.855 06/11/2076]',-10.549
'[15:08:04.859 06/11/2076]',0.391
'[15:08:04.863 06/11/2076]',-3.907
'[15:08:04.867 06/11/2076]',-16.020
'[15:08:04.871 06/11/2076]',-21.099
'[15:08:04.875 06/11/2076]',-17.192
'[15:08:04.879 06/11/2076]',-11.331
'[15:08:04.883 06/11/2076]',-7.033
'[15:08:04.887 06/11/2076]',-1.172
'[15:08:04.891 06/11/2076]',3.907
'[15:08:04.895 06/11/2076]',9.377
'[15:08:04.898 06/11/2076]',13.675
'[15:08:04.902 06/11/2076]',8.987
'[15:08:04.906 06/11/2076]',3.907
'[15:08:04.910 06/11/2076]',11.331
'[15:08:04.914 06/11/2076]',24.225
'[15:08:04.918 06/11/2076]',29.695
'[15:08:04.922 06/11/2076]',35.556
'[15:08:04.926 06/11/2076]',46.496
'[15:08:04.930 06/11/2076]',53.919
'[15:08:04.934 06/11/2076]',50.403
'[15:08:04.938 06/11/2076]',54.701
'[15:08:04.941 06/11/2076]',65.250
'[15:08:04.945 06/11/2076]',69.158
'[15:08:04.949 06/11/2076]',73.065
'[15:08:04.953 06/11/2076]',75.800
'[15:08:04.957 06/11/2076]',75.409
'[15:08:04.961 06/11/2076]',77.363
'[15:08:04.965 06/11/2076]',86.349
'[15:08:04.969 06/11/2076]',89.475
'[15:08:04.973 06/11/2076]',91.819
'[15:08:04.977 06/11/2076]',109.792
'[15:08:04.980 06/11/2076]',113.700
'[15:08:04.984 06/11/2076]',96.508
'[15:08:04.988 06/11/2076]',84.396
'[15:08:04.992 06/11/2076]',85.958
'[15:08:04.996 06/11/2076]',80.488
'[15:08:05.000 06/11/2076]',69.158
'[15:08:05.004 06/11/2076]',67.204
'[15:08:05.008 06/11/2076]',60.952
'[15:08:05.012 06/11/2076]',62.906
'[15:08:05.016 06/11/2076]',94.164
'[15:08:05.020 06/11/2076]',50.794
'[15:08:05.023 06/11/2076]',46.496
'[15:08:05.027 06/11/2076]',-6.642
'[15:08:05.031 06/11/2076]',-33.602
'[15:08:05.035 06/11/2076]',-29.695
'[15:08:05.039 06/11/2076]',-39.463
'[15:08:05.043 06/11/2076]',-24.225
'[15:08:05.047 06/11/2076]',-26.178
'[15:08:05.051 06/11/2076]',-69.939
'[15:08:05.055 06/11/2076]',-92.991
'[15:08:05.059 06/11/2076]',-78.926
'[15:08:05.063 06/11/2076]',-64.860
'[15:08:05.066 06/11/2076]',-69.548
'[15:08:05.070 06/11/2076]',-55.482
'[15:08:05.074 06/11/2076]',-80.488
'[15:08:05.078 06/11/2076]',-129.328
'[15:08:05.082 06/11/2076]',-120.733
'[15:08:05.086 06/11/2076]',-119.951
'[15:08:05.090 06/11/2076]',-110.183
'[15:08:05.094 06/11/2076]',-75.018
'[15:08:05.098 06/11/2076]',-45.324
'[15:08:05.102 06/11/2076]',-83.614
'[15:08:05.105 06/11/2076]',-60.562
'[15:08:05.109 06/11/2076]',-72.674
'[15:08:05.113 06/11/2076]',-64.469
'[15:08:05.117 06/11/2076]',-60.171
'[15:08:05.121 06/11/2076]',-48.840
'[15:08:05.125 06/11/2076]',-28.913
'[15:08:05.129 06/11/2076]',-32.821
'[15:08:05.133 06/11/2076]',-6.252
'[15:08:05.137 06/11/2076]',-18.755
'[15:08:05.141 06/11/2076]',-29.695
'[15:08:05.145 06/11/2076]',9.768
'[15:08:05.148 06/11/2076]',5.861
'[15:08:05.152 06/11/2076]',2.344
'[15:08:05.156 06/11/2076]',-3.907
'[15:08:05.160 06/11/2076]',5.861
'[15:08:05.164 06/11/2076]',24.615
'[15:08:05.168 06/11/2076]',34.774
'[15:08:05.172 06/11/2076]',76.581
'[15:08:05.176 06/11/2076]',44.933
'[15:08:05.180 06/11/2076]',22.271
'[15:08:05.184 06/11/2076]',21.880
'[15:08:05.188 06/11/2076]',-45.714
'[15:08:05.191 06/11/2076]',32.821
'[15:08:05.195 06/11/2076]',38.291
'[15:08:05.199 06/11/2076]',21.490
'[15:08:05.203 06/11/2076]',68.767
'[15:08:05.207 06/11/2076]',-92.601
'[15:08:05.211 06/11/2076]',-147.302
'[15:08:05.215 06/11/2076]',-34.774
'[15:08:05.219 06/11/2076]',24.225
'[15:08:05.223 06/11/2076]',94.945
'[15:08:05.227 06/11/2076]',274.286
'[15:08:05.230 06/11/2076]',44.542
'[15:08:05.234 06/11/2076]',-126.593
'[15:08:05.238 06/11/2076]',-69.939
'[15:08:05.242 06/11/2076]',-121.905
'[15:08:05.246 06/11/2076]',42.198
'[15:08:05.250 06/11/2076]',2.344
'[15:08:05.254 06/11/2076]',98.852
'[15:08:05.258 06/11/2076]',41.416
'[15:08:05.262 06/11/2076]',52.747
'[15:08:05.266 06/11/2076]',205.910
'[15:08:05.270 06/11/2076]',-70.330
'[15:08:05.273 06/11/2076]',-81.661
'[15:08:05.277 06/11/2076]',-101.197
'[15:08:05.281 06/11/2076]',-55.482
'[15:08:05.285 06/11/2076]',26.178
'[15:08:05.289 06/11/2076]',142.222
'[15:08:05.293 06/11/2076]',71.502
'[15:08:05.297 06/11/2076]',87.912
'[15:08:05.301 06/11/2076]',-9.377
'[15:08:05.305 06/11/2076]',121.514
'[15:08:05.309 06/11/2076]',193.016
'[15:08:05.313 06/11/2076]',334.066
'[15:08:05.316 06/11/2076]',561.465
'[15:08:05.320 06/11/2076]',128.156
'[15:08:05.324 06/11/2076]',179.731
'[15:08:05.328 06/11/2076]',46.496
'[15:08:05.332 06/11/2076]',-118.388
'[15:08:05.336 06/11/2076]',-66.813
'[15:08:05.340 06/11/2076]',144.957
'[15:08:05.344 06/11/2076]',91.038
'[15:08:05.348 06/11/2076]',-11.331
'[15:08:05.352 06/11/2076]',223.883
'[15:08:05.355 06/11/2076]',97.289
'[15:08:05.359 06/11/2076]',101.587
'[15:08:05.363 06/11/2076]',79.707
'[15:08:05.367 06/11/2076]',46.496
'[15:08:05.371 06/11/2076]',43.761
'[15:08:05.375 06/11/2076]',-98.852
'[15:08:05.379 06/11/2076]',10.940
'[15:08:05.383 06/11/2076]',-21.099
'[15:08:05.387 06/11/2076]',1.563
'[15:08:05.391 06/11/2076]',56.264
'[15:08:05.395 06/11/2076]',206.691
'[15:08:05.398 06/11/2076]',53.529
'[15:08:05.402 06/11/2076]',67.985
'[15:08:05.406 06/11/2076]',-148.474
'[15:08:05.410 06/11/2076]',-98.071
'[15:08:05.414 06/11/2076]',43.370
'[15:08:05.418 06/11/2076]',79.316
'[15:08:05.422 06/11/2076]',54.310
'[15:08:05.426 06/11/2076]',49.621
'[15:08:05.430 06/11/2076]',-58.608
'[15:08:05.434 06/11/2076]',-235.214
'[15:08:05.438 06/11/2076]',-118.388
'[15:08:05.441 06/11/2076]',-130.110
'[15:08:05.445 06/11/2076]',-124.640
'[15:08:05.449 06/11/2076]',-43.761
'[15:08:05.453 06/11/2076]',-50.403
'[15:08:05.457 06/11/2076]',-95.726
'[15:08:05.461 06/11/2076]',-80.098
'[15:08:05.465 06/11/2076]',-144.957
'[15:08:05.469 06/11/2076]',-23.053
'[15:08:05.473 06/11/2076]',-89.866
'[15:08:05.477 06/11/2076]',-163.321
'[15:08:05.480 06/11/2076]',-150.818
'[15:08:05.484 06/11/2076]',-91.038
'[15:08:05.488 06/11/2076]',-218.022
'[15:08:05.492 06/11/2076]',-97.680
'[15:08:05.496 06/11/2076]',-50.794
'[15:08:05.500 06/11/2076]',-171.917
'[15:08:05.504 06/11/2076]',-153.553
'[15:08:05.508 06/11/2076]',-50.403
'[15:08:05.512 06/11/2076]',-71.893
'[15:08:05.516 06/11/2076]',-52.747
'[15:08:05.520 06/11/2076]',-21.099
'[15:08:05.523 06/11/2076]',-73.065
'[15:08:05.527 06/11/2076]',-37.509
'[15:08:05.531 06/11/2076]',-2.344
'[15:08:05.535 06/11/2076]',10.159
'[15:08:05.539 06/11/2076]',22.662
'[15:08:05.543 06/11/2076]',27.741
'[15:08:05.547 06/11/2076]',23.053
'[15:08:05.551 06/11/2076]',16.020
'[15:08:05.555 06/11/2076]',14.457
'[15:08:05.559 06/11/2076]',23.053
'[15:08:05.563 06/11/2076]',23.443
'[15:08:05.566 06/11/2076]',21.880
'[15:08:05.570 06/11/2076]',23.443
'[15:08:05.574 06/11/2076]',22.271
'[15:08:05.578 06/11/2076]',27.741
'[15:08:05.582 06/11/2076]',36.337
'[15:08:05.586 06/11/2076]',29.304
'[15:08:05.590 06/11/2076]',23.443
'[15:08:05.594 06/11/2076]',42.979
'[15:08:05.598 06/11/2076]',50.794
'[15:08:05.602 06/11/2076]',49.231
'[15:08:05.605 06/11/2076]',83.614
'[15:08:05.609 06/11/2076]',37.118
'[15:08:05.613 06/11/2076]',26.960
'[15:08:05.617 06/11/2076]',17.973
'[15:08:05.621 06/11/2076]',8.987
'[15:08:05.625 06/11/2076]',16.020
'[15:08:05.629 06/11/2076]',16.801
'[15:08:05.633 06/11/2076]',7.814
'[15:08:05.637 06/11/2076]',7.424
'[15:08:05.641 06/11/2076]',28.132
'[15:08:05.645 06/11/2076]',21.880
'[15:08:05.648 06/11/2076]',64.469
'[15:08:05.652 06/11/2076]',-8.987
'[15:08:05.656 06/11/2076]',-15.238
'[15:08:05.660 06/11/2076]',-10.159
'[15:08:05.664 06/11/2076]',-15.238
'[15:08:05.668 06/11/2076]',-11.331
'[15:08:05.672 06/11/2076]',-15.629
'[15:08:05.676 06/11/2076]',-23.443
'[15:08:05.680 06/11/2076]',-42.979
'[15:08:05.684 06/11/2076]',-64.078
'[15:08:05.688 06/11/2076]',-75.018
'[15:08:05.691 06/11/2076]',-93.382
'[15:08:05.695 06/11/2076]',-100.415
'[15:08:05.699 06/11/2076]',-103.541
'[15:08:05.703 06/11/2076]',-105.885
'[15:08:05.707 06/11/2076]',-112.527
'[15:08:05.711 06/11/2076]',-116.825
'[15:08:05.715 06/11/2076]',-124.640
'[15:08:05.719 06/11/2076]',-141.441
'[15:08:05.723 06/11/2076]',-148.864
'[15:08:05.727 06/11/2076]',-130.110
'[15:08:05.730 06/11/2076]',-128.156
'[15:08:05.734 06/11/2076]',-152.381
'[15:08:05.738 06/11/2076]',-169.573
'[15:08:05.742 06/11/2076]',-190.672
'[15:08:05.746 06/11/2076]',-206.691
'[15:08:05.750 06/11/2076]',-194.969
'[15:08:05.754 06/11/2076]',-191.844
'[15:08:05.758 06/11/2076]',-193.016
'[15:08:05.762 06/11/2076]',-197.705
'[15:08:05.766 06/11/2076]',-206.300
'[15:08:05.770 06/11/2076]',-210.989
'[15:08:05.773 06/11/2076]',-210.989
'[15:08:05.777 06/11/2076]',-200.049
'[15:08:05.781 06/11/2076]',-185.592
'[15:08:05.785 06/11/2076]',-201.612
'[15:08:05.789 06/11/2076]',-192.234
'[15:08:05.793 06/11/2076]',-200.049
'[15:08:05.797 06/11/2076]',-202.393
'[15:08:05.801 06/11/2076]',-214.115
'[15:08:05.805 06/11/2076]',-203.565
'[15:08:05.809 06/11/2076]',-191.062
'[15:08:05.813 06/11/2076]',-181.685
'[15:08:05.816 06/11/2076]',-153.944
'[15:08:05.820 06/11/2076]',-190.672
'[15:08:05.824 06/11/2076]',-181.685
'[15:08:05.828 06/11/2076]',-168.791
'[15:08:05.832 06/11/2076]',-165.665
'[15:08:05.836 06/11/2076]',-152.381
'[15:08:05.840 06/11/2076]',-144.957
'[15:08:05.844 06/11/2076]',-132.454
'[15:08:05.848 06/11/2076]',-125.421
'[15:08:05.852 06/11/2076]',-116.825
'[15:08:05.855 06/11/2076]',-87.131
'[15:08:05.859 06/11/2076]',-62.125
'[15:08:05.863 06/11/2076]',-56.654
'[15:08:05.867 06/11/2076]',-27.350
'[15:08:05.871 06/11/2076]',-71.502
'[15:08:05.875 06/11/2076]',-73.846
'[15:08:05.879 06/11/2076]',-57.827
'[15:08:05.883 06/11/2076]',-59.780
'[15:08:05.887 06/11/2076]',-48.840
'[15:08:05.891 06/11/2076]',-23.443
'[15:08:05.895 06/11/2076]',-4.298
'[15:08:05.898 06/11/2076]',-25.006
'[15:08:05.902 06/11/2076]',10.549
'[15:08:05.906 06/11/2076]',-27.350
'[15:08:05.910 06/11/2076]',-30.476
'[15:08:05.914 06/11/2076]',-7.814
'[15:08:05.918 06/11/2076]',-14.457
'[15:08:05.922 06/11/2076]',-8.596
'[15:08:05.926 06/11/2076]',-10.159
'[15:08:05.930 06/11/2076]',-4.689
'[15:08:05.934 06/11/2076]',-0.781
'[15:08:05.938 06/11/2076]',-15.629
'[15:08:05.941 06/11/2076]',16.410
'[15:08:05.945 06/11/2076]',-9.377
'[15:08:05.949 06/11/2076]',-2.344
'[15:08:05.953 06/11/2076]',-14.847
'[15:08:05.957 06/11/2076]',7.424
'[15:08:05.961 06/11/2076]',18.364
'[15:08:05.965 06/11/2076]',28.913
'[15:08:05.969 06/11/2076]',36.337
'[15:08:05.973 06/11/2076]',23.834
'[15:08:05.977 06/11/2076]',37.118
'[15:08:05.980 06/11/2076]',48.449
'[15:08:05.984 06/11/2076]',55.482
'[15:08:05.988 06/11/2076]',51.966
'[15:08:05.992 06/11/2076]',88.303
'[15:08:05.996 06/11/2076]',68.767
'[15:08:06.000 06/11/2076]',28.523
'[15:08:06.004 06/11/2076]',46.886
'[15:08:06.008 06/11/2076]',50.403
'[15:08:06.012 06/11/2076]',70.720
'[15:08:06.016 06/11/2076]',78.144
'[15:08:06.020 06/11/2076]',89.475
'[15:08:06.023 06/11/2076]',57.436
'[15:08:06.027 06/11/2076]',44.151
'[15:08:06.031 06/11/2076]',67.204
'[15:08:06.035 06/11/2076]',67.204
'[15:08:06.039 06/11/2076]',53.919
'[15:08:06.043 06/11/2076]',99.634
'[15:08:06.047 06/11/2076]',105.104
'[15:08:06.051 06/11/2076]',21.880
'[15:08:06.055 06/11/2076]',41.807
'[15:08:06.059 06/11/2076]',0.000
'[15:08:06.063 06/11/2076]',-22.271
'[15:08:06.066 06/11/2076]',49.231
'[15:08:06.070 06/11/2076]',34.383
'[15:08:06.074 06/11/2076]',27.741
'[15:08:06.078 06/11/2076]',48.059
'[15:08:06.082 06/11/2076]',-1.954
'[15:08:06.086 06/11/2076]',67.204
'[15:08:06.090 06/11/2076]',52.747
'[15:08:06.094 06/11/2076]',35.165
'[15:08:06.098 06/11/2076]',23.834
'[15:08:06.102 06/11/2076]',3.516
'[15:08:06.105 06/11/2076]',33.602
'[15:08:06.109 06/11/2076]',97.680
'[15:08:06.113 06/11/2076]',124.249
'[15:08:06.117 06/11/2076]',117.607
'[15:08:06.121 06/11/2076]',89.084
'[15:08:06.125 06/11/2076]',41.807
'[15:08:06.129 06/11/2076]',56.654
'[15:08:06.133 06/11/2076]',32.821
'[15:08:06.137 06/11/2076]',21.880
'[15:08:06.141 06/11/2076]',93.773
'[15:08:06.145 06/11/2076]',105.104
'[15:08:06.148 06/11/2076]',85.958
'[15:08:06.152 06/11/2076]',185.592
'[15:08:06.156 06/11/2076]',209.817
'[15:08:06.160 06/11/2076]',103.150
'[15:08:06.164 06/11/2076]',154.725
'[15:08:06.168 06/11/2076]',115.263
'[15:08:06.172 06/11/2076]',66.422
'[15:08:06.176 06/11/2076]',83.614
'[15:08:06.180 06/11/2076]',141.832
'[15:08:06.184 06/11/2076]',103.932
'[15:08:06.188 06/11/2076]',81.661
'[15:08:06.191 06/11/2076]',181.685
'[15:08:06.195 06/11/2076]',123.858
'[15:08:06.199 06/11/2076]',69.158
'[15:08:06.203 06/11/2076]',-39.072
'[15:08:06.207 06/11/2076]',82.833
'[15:08:06.211 06/11/2076]',94.164
'[15:08:06.215 06/11/2076]',27.741
'[15:08:06.219 06/11/2076]',65.641
'[15:08:06.223 06/11/2076]',78.535
'[15:08:06.227 06/11/2076]',-21.490
'[15:08:06.230 06/11/2076]',3.907
'[15:08:06.234 06/11/2076]',137.924
'[15:08:06.238 06/11/2076]',-121.514
'[15:08:06.242 06/11/2076]',-210.989
'[15:08:06.246 06/11/2076]',5.079
'[15:08:06.250 06/11/2076]',58.608
'[15:08:06.254 06/11/2076]',23.053
'[15:08:06.258 06/11/2076]',7.033
'[15:08:06.262 06/11/2076]',-100.024
'[15:08:06.266 06/11/2076]',-219.194
'[15:08:06.270 06/11/2076]',-171.917
'[15:08:06.273 06/11/2076]',40.244
'[15:08:06.277 06/11/2076]',7.424
'[15:08:06.281 06/11/2076]',-122.686
'[15:08:06.285 06/11/2076]',-57.436
'[15:08:06.289 06/11/2076]',-168.791
'[15:08:06.293 06/11/2076]',-178.168
'[15:08:06.297 06/11/2076]',-103.932
'[15:08:06.301 06/11/2076]',-55.873
'[15:08:06.305 06/11/2076]',-126.203
'[15:08:06.309 06/11/2076]',-60.562
'[15:08:06.313 06/11/2076]',-8.596
'[15:08:06.316 06/11/2076]',-33.993
'[15:08:06.320 06/11/2076]',-25.397
'[15:08:06.324 06/11/2076]',96.899
'[15:08:06.328 06/11/2076]',-109.011
'[15:08:06.332 06/11/2076]',-101.587
'[15:08:06.336 06/11/2076]',-111.355
'[15:08:06.340 06/11/2076]',-63.687
'[15:08:06.344 06/11/2076]',-119.951
'[15:08:06.348 06/11/2076]',173.480
'[15:08:06.352 06/11/2076]',-11.331
'[15:08:06.355 06/11/2076]',-60.952
'[15:08:06.359 06/11/2076]',84.005
'[15:08:06.363 06/11/2076]',66.422
'[15:08:06.367 06/11/2076]',-84.786
'[15:08:06.371 06/11/2076]',-1.954
'[15:08:06.375 06/11/2076]',-45.324
'[15:08:06.379 06/11/2076]',-138.315
'[15:08:06.383 06/11/2076]',-35.556
'[15:08:06.387 06/11/2076]',1.954
'[15:08:06.391 06/11/2076]',25.006
'[15:08:06.395 06/11/2076]',14.847
'[15:08:06.398 06/11/2076]',-21.099
'[15:08:06.402 06/11/2076]',23.053
'[15:08:06.406 06/11/2076]',-70.330
'[15:08:06.410 06/11/2076]',-92.601
'[15:08:06.414 06/11/2076]',9.377
'[15:08:06.418 06/11/2076]',-97.289
'[15:08:06.422 06/11/2076]',55.092
'[15:08:06.426 06/11/2076]',-124.640
'[15:08:06.430 06/11/2076]',-77.363
'[15:08:06.434 06/11/2076]',-50.012
'[15:08:06.438 06/11/2076]',19.927
'[15:08:06.441 06/11/2076]',147.692
'[15:08:06.445 06/11/2076]',-44.933
'[15:08:06.449 06/11/2076]',-53.138
'[15:08:06.453 06/11/2076]',-82.833
'[15:08:06.457 06/11/2076]',-134.799
'[15:08:06.461 06/11/2076]',58.999
'[15:08:06.465 06/11/2076]',66.813
'[15:08:06.469 06/11/2076]',-36.337
'[15:08:06.473 06/11/2076]',7.424
'[15:08:06.477 06/11/2076]',-18.755
'[15:08:06.480 06/11/2076]',82.833
'[15:08:06.484 06/11/2076]',90.256
'[15:08:06.488 06/11/2076]',24.225
'[15:08:06.492 06/11/2076]',-72.283
'[15:08:06.496 06/11/2076]',-58.608
'[15:08:06.500 06/11/2076]',-56.654
'[15:08:06.504 06/11/2076]',74.628
'[15:08:06.508 06/11/2076]',87.521
'[15:08:06.512 06/11/2076]',101.978
'[15:08:06.516 06/11/2076]',63.687
'[15:08:06.520 06/11/2076]',24.225
'[15:08:06.523 06/11/2076]',-18.755
'[15:08:06.527 06/11/2076]',-25.788
'[15:08:06.531 06/11/2076]',122.295
'[15:08:06.535 06/11/2076]',22.662
'[15:08:06.539 06/11/2076]',33.211
'[15:08:06.543 06/11/2076]',26.178
'[15:08:06.547 06/11/2076]',-58.217
'[15:08:06.551 06/11/2076]',-7.033
'[15:08:06.555 06/11/2076]',100.415
'[15:08:06.559 06/11/2076]',12.112
'[15:08:06.563 06/11/2076]',69.939
'[15:08:06.566 06/11/2076]',6.642
'[15:08:06.570 06/11/2076]',-44.151
'[15:08:06.574 06/11/2076]',-104.713
'[15:08:06.578 06/11/2076]',-39.463
'[15:08:06.582 06/11/2076]',-84.786
'[15:08:06.586 06/11/2076]',-161.758
'[15:08:06.590 06/11/2076]',47.277
'[15:08:06.594 06/11/2076]',-3.907
'[15:08:06.598 06/11/2076]',-148.083
'[15:08:06.602 06/11/2076]',74.628
'[15:08:06.605 06/11/2076]',-13.284
'[15:08:06.609 06/11/2076]',-11.331
'[15:08:06.613 06/11/2076]',45.324
'[15:08:06.617 06/11/2076]',-7.033
'[15:08:06.621 06/11/2076]',-31.258
'[15:08:06.625 06/11/2076]',-49.231
'[15:08:06.629 06/11/2076]',-1.563
'[15:08:06.633 06/11/2076]',62.125
'[15:08:06.637 06/11/2076]',-92.210
'[15:08:06.641 06/11/2076]',-80.879
'[15:08:06.645 06/11/2076]',-8.205
'[15:08:06.648 06/11/2076]',-95.336
'[15:08:06.652 06/11/2076]',35.556
'[15:08:06.656 06/11/2076]',62.906
'[15:08:06.660 06/11/2076]',38.681
'[15:08:06.664 06/11/2076]',43.761
'[15:08:06.668 06/11/2076]',36.728
'[15:08:06.672 06/11/2076]',85.568
'[15:08:06.676 06/11/2076]',39.853
'[15:08:06.680 06/11/2076]',74.628
'[15:08:06.684 06/11/2076]',31.648
'[15:08:06.688 06/11/2076]',-3.126
'[15:08:06.691 06/11/2076]',-1.172
'[15:08:06.695 06/11/2076]',53.138
'[15:08:06.699 06/11/2076]',69.158
'[15:08:06.703 06/11/2076]',107.448
'[15:08:06.707 06/11/2076]',143.394
'[15:08:06.711 06/11/2076]',27.350
'[15:08:06.715 06/11/2076]',7.814
'[15:08:06.719 06/11/2076]',32.430
'[15:08:06.723 06/11/2076]',23.053
'[15:08:06.727 06/11/2076]',109.402
'[15:08:06.730 06/11/2076]',144.176
'[15:08:06.734 06/11/2076]',83.614
'[15:08:06.738 06/11/2076]',34.383
'[15:08:06.742 06/11/2076]',50.403
'[15:08:06.746 06/11/2076]',64.469
'[15:08:06.750 06/11/2076]',65.250
'[15:08:06.754 06/11/2076]',53.138
'[15:08:06.758 06/11/2076]',33.993
'[15:08:06.762 06/11/2076]',37.118
'[15:08:06.766 06/11/2076]',46.105
'[15:08:06.770 06/11/2076]',85.568
'[15:08:06.773 06/11/2076]',67.204
'[15:08:06.777 06/11/2076]',22.271
'[15:08:06.781 06/11/2076]',19.536
'[15:08:06.785 06/11/2076]',23.053
'[15:08:06.789 06/11/2076]',62.515
'[15:08:06.793 06/11/2076]',64.860
'[15:08:06.797 06/11/2076]',82.442
'[15:08:06.801 06/11/2076]',45.324
'[15:08:06.805 06/11/2076]',7.424
'[15:08:06.809 06/11/2076]',82.442
'[15:08:06.813 06/11/2076]',84.396
'[15:08:06.816 06/11/2076]',131.673
'[15:08:06.820 06/11/2076]',109.011
'[15:08:06.824 06/11/2076]',96.117
'[15:08:06.828 06/11/2076]',46.105
'[15:08:06.832 06/11/2076]',26.178
'[15:08:06.836 06/11/2076]',59.389
'[15:08:06.840 06/11/2076]',104.713
'[15:08:06.844 06/11/2076]',111.746
'[15:08:06.848 06/11/2076]',90.647
'[15:08:06.852 06/11/2076]',139.096
'[15:08:06.855 06/11/2076]',142.613
'[15:08:06.859 06/11/2076]',159.414
'[15:08:06.863 06/11/2076]',232.869
'[15:08:06.867 06/11/2076]',138.706
'[15:08:06.871 06/11/2076]',121.905
'[15:08:06.875 06/11/2076]',92.210
'[15:08:06.879 06/11/2076]',115.653
'[15:08:06.883 06/11/2076]',134.017
'[15:08:06.887 06/11/2076]',139.878
'[15:08:06.891 06/11/2076]',194.969
'[15:08:06.895 06/11/2076]',135.189
'[15:08:06.898 06/11/2076]',143.394
'[15:08:06.902 06/11/2076]',122.686
'[15:08:06.906 06/11/2076]',124.640
'[15:08:06.910 06/11/2076]',163.321
'[15:08:06.914 06/11/2076]',180.513
'[15:08:06.918 06/11/2076]',158.632
'[15:08:06.922 06/11/2076]',160.195
'[15:08:06.926 06/11/2076]',135.580
'[15:08:06.930 06/11/2076]',115.653
'[15:08:06.934 06/11/2076]',119.170
'[15:08:06.938 06/11/2076]',156.679
'[15:08:06.941 06/11/2076]',99.634
'[15:08:06.945 06/11/2076]',113.309
'[15:08:06.949 06/11/2076]',126.984
'[15:08:06.953 06/11/2076]',99.243
'[15:08:06.957 06/11/2076]',70.330
'[15:08:06.961 06/11/2076]',85.177
'[15:08:06.965 06/11/2076]',59.389
'[15:08:06.969 06/11/2076]',74.628
'[15:08:06.973 06/11/2076]',116.825
'[15:08:06.977 06/11/2076]',82.051
'[15:08:06.980 06/11/2076]',134.799
'[15:08:06.984 06/11/2076]',53.138
'[15:08:06.988 06/11/2076]',13.675
'[15:08:06.992 06/11/2076]',32.430
'[15:08:06.996 06/11/2076]',2.735
'[15:08:07.000 06/11/2076]',-6.642
'[15:08:07.004 06/11/2076]',1.172
'[15:08:07.008 06/11/2076]',16.801
'[15:08:07.012 06/11/2076]',4.298
'[15:08:07.016 06/11/2076]',11.722
'[15:08:07.020 06/11/2076]',0.781
'[15:08:07.023 06/11/2076]',-19.536
'[15:08:07.027 06/11/2076]',-47.668
'[15:08:07.031 06/11/2076]',-18.755
'[15:08:07.035 06/11/2076]',43.761
'[15:08:07.039 06/11/2076]',-24.225
'[15:08:07.043 06/11/2076]',32.430
'[15:08:07.047 06/11/2076]',54.701
'[15:08:07.051 06/11/2076]',-21.880
'[15:08:07.055 06/11/2076]',-44.542
'[15:08:07.059 06/11/2076]',-28.913
'[15:08:07.063 06/11/2076]',-58.999
'[15:08:07.066 06/11/2076]',-58.217
'[15:08:07.070 06/11/2076]',-1.954
'[15:08:07.074 06/11/2076]',-7.424
'[15:08:07.078 06/11/2076]',10.549
'[15:08:07.082 06/11/2076]',-32.821
'[15:08:07.086 06/11/2076]',-25.397
'[15:08:07.090 06/11/2076]',-48.449
'[15:08:07.094 06/11/2076]',-1.563
'[15:08:07.098 06/11/2076]',48.840
'[15:08:07.102 06/11/2076]',32.821
'[15:08:07.105 06/11/2076]',7.814
'[15:08:07.109 06/11/2076]',57.827
'[15:08:07.113 06/11/2076]',-8.205
'[15:08:07.117 06/11/2076]',24.615
'[15:08:07.121 06/11/2076]',17.192
'[15:08:07.125 06/11/2076]',25.397
'[15:08:07.129 06/11/2076]',29.304
'[15:08:07.133 06/11/2076]',-34.383
'[15:08:07.137 06/11/2076]',-19.927
'[15:08:07.141 06/11/2076]',-11.722
'[15:08:07.145 06/11/2076]',-39.853
'[15:08:07.148 06/11/2076]',-37.900
'[15:08:07.152 06/11/2076]',-30.867
'[15:08:07.156 06/11/2076]',-59.389
'[15:08:07.160 06/11/2076]',-92.210
'[15:08:07.164 06/11/2076]',-10.940
'[15:08:07.168 06/11/2076]',-14.066
'[15:08:07.172 06/11/2076]',-123.468
'[15:08:07.176 06/11/2076]',-52.357
'[15:08:07.180 06/11/2076]',-137.143
'[15:08:07.184 06/11/2076]',-134.017
'[15:08:07.188 06/11/2076]',-105.104
'[15:08:07.191 06/11/2076]',-17.973
'[15:08:07.195 06/11/2076]',10.549
'[15:08:07.199 06/11/2076]',-73.846
'[15:08:07.203 06/11/2076]',-133.626
'[15:08:07.207 06/11/2076]',-247.326
'[15:08:07.211 06/11/2076]',-145.348
'[15:08:07.215 06/11/2076]',-122.295
'[15:08:07.219 06/11/2076]',-39.853
'[15:08:07.223 06/11/2076]',38.291
'[15:08:07.227 06/11/2076]',-80.488
'[15:08:07.230 06/11/2076]',-117.998
'[15:08:07.234 06/11/2076]',-20.317
'[15:08:07.238 06/11/2076]',-35.556
'[15:08:07.242 06/11/2076]',-152.772
'[15:08:07.246 06/11/2076]',-131.673
'[15:08:07.250 06/11/2076]',-216.068
'[15:08:07.254 06/11/2076]',-150.818
'[15:08:07.258 06/11/2076]',13.284
'[15:08:07.262 06/11/2076]',74.628
'[15:08:07.266 06/11/2076]',23.443
'[15:08:07.270 06/11/2076]',10.159
'[15:08:07.273 06/11/2076]',-82.051
'[15:08:07.277 06/11/2076]',-114.481
'[15:08:07.281 06/11/2076]',-7.033
'[15:08:07.285 06/11/2076]',170.745
'[15:08:07.289 06/11/2076]',21.880
'[15:08:07.293 06/11/2076]',158.242
'[15:08:07.297 06/11/2076]',69.158
'[15:08:07.301 06/11/2076]',-3.516
'[15:08:07.305 06/11/2076]',-21.099
'[15:08:07.309 06/11/2076]',5.079
'[15:08:07.313 06/11/2076]',76.581
'[15:08:07.316 06/11/2076]',65.250
'[15:08:07.320 06/11/2076]',130.501
'[15:08:07.324 06/11/2076]',231.306
'[15:08:07.328 06/11/2076]',163.712
'[15:08:07.332 06/11/2076]',73.846
'[15:08:07.336 06/11/2076]',-99.243
'[15:08:07.340 06/11/2076]',-31.258
'[15:08:07.344 06/11/2076]',-170.745
'[15:08:07.348 06/11/2076]',-64.078
'[15:08:07.352 06/11/2076]',172.308
'[15:08:07.355 06/11/2076]',67.985
'[15:08:07.359 06/11/2076]',-1.954
'[15:08:07.363 06/11/2076]',36.728
'[15:08:07.367 06/11/2076]',-67.985
'[15:08:07.371 06/11/2076]',-84.786
'[15:08:07.375 06/11/2076]',68.376
'[15:08:07.379 06/11/2076]',196.142
'[15:08:07.383 06/11/2076]',47.277
'[15:08:07.387 06/11/2076]',22.662
'[15:08:07.391 06/11/2076]',122.295
'[15:08:07.395 06/11/2076]',-80.488
'[15:08:07.398 06/11/2076]',16.410
'[15:08:07.402 06/11/2076]',89.475
'[15:08:07.406 06/11/2076]',68.376
'[15:08:07.410 06/11/2076]',-2.735
'[15:08:07.414 06/11/2076]',-23.834
'[15:08:07.418 06/11/2076]',66.813
'[15:08:07.422 06/11/2076]',-119.560
'[15:08:07.426 06/11/2076]',-35.946
'[15:08:07.430 06/11/2076]',174.261
'[15:08:07.434 06/11/2076]',0.391
'[15:08:07.438 06/11/2076]',92.210
'[15:08:07.441 06/11/2076]',78.926
'[15:08:07.445 06/11/2076]',0.391
'[15:08:07.449 06/11/2076]',-148.083
'[15:08:07.453 06/11/2076]',-25.006
'[15:08:07.457 06/11/2076]',-109.402
'[15:08:07.461 06/11/2076]',40.635
'[15:08:07.465 06/11/2076]',162.149
'[15:08:07.469 06/11/2076]',-46.886
'[15:08:07.473 06/11/2076]',3.126
'[15:08:07.477 06/11/2076]',12.894
'[15:08:07.480 06/11/2076]',-111.746
'[15:08:07.484 06/11/2076]',73.065
'[15:08:07.488 06/11/2076]',99.243
'[15:08:07.492 06/11/2076]',75.409
'[15:08:07.496 06/11/2076]',116.435
'[15:08:07.500 06/11/2076]',96.899
'[15:08:07.504 06/11/2076]',52.357
'[15:08:07.508 06/11/2076]',80.488
'[15:08:07.512 06/11/2076]',-141.441
'[15:08:07.516 06/11/2076]',-2.735
'[15:08:07.520 06/11/2076]',-88.694
'[15:08:07.523 06/11/2076]',-129.719
'[15:08:07.527 06/11/2076]',81.661
'[15:08:07.531 06/11/2076]',94.164
'[15:08:07.535 06/11/2076]',61.734
'[15:08:07.539 06/11/2076]',80.098
'[15:08:07.543 06/11/2076]',50.012
'[15:08:07.547 06/11/2076]',7.424
'[15:08:07.551 06/11/2076]',-76.581
'[15:08:07.555 06/11/2076]',-154.335
'[15:08:07.559 06/11/2076]',-60.171
'[15:08:07.563 06/11/2076]',172.698
'[15:08:07.566 06/11/2076]',31.258
'[15:08:07.570 06/11/2076]',46.105
'[15:08:07.574 06/11/2076]',43.761
'[15:08:07.578 06/11/2076]',-157.070
'[15:08:07.582 06/11/2076]',-93.773
'[15:08:07.586 06/11/2076]',35.165
'[15:08:07.590 06/11/2076]',128.938
'[15:08:07.594 06/11/2076]',-24.615
'[15:08:07.598 06/11/2076]',62.515
'[15:08:07.602 06/11/2076]',48.449
'[15:08:07.605 06/11/2076]',-118.388
'[15:08:07.609 06/11/2076]',-24.615
'[15:08:07.613 06/11/2076]',69.548
'[15:08:07.617 06/11/2076]',-84.005
'[15:08:07.621 06/11/2076]',-28.132
'[15:08:07.625 06/11/2076]',31.648
'[15:08:07.629 06/11/2076]',-112.527
'[15:08:07.633 06/11/2076]',-17.973
'[15:08:07.637 06/11/2076]',66.032
'[15:08:07.641 06/11/2076]',63.687
'[15:08:07.645 06/11/2076]',-30.085
'[15:08:07.648 06/11/2076]',-21.490
'[15:08:07.652 06/11/2076]',-92.210
'[15:08:07.656 06/11/2076]',-163.321
'[15:08:07.660 06/11/2076]',-132.845
'[15:08:07.664 06/11/2076]',29.695
'[15:08:07.668 06/11/2076]',166.056
'[15:08:07.672 06/11/2076]',105.104
'[15:08:07.676 06/11/2076]',85.958
'[15:08:07.680 06/11/2076]',-25.788
'[15:08:07.684 06/11/2076]',-143.394
'[15:08:07.688 06/11/2076]',-73.065
'[15:08:07.691 06/11/2076]',58.608
'[15:08:07.695 06/11/2076]',45.324
'[15:08:07.699 06/11/2076]',32.039
'[15:08:07.703 06/11/2076]',-43.761
'[15:08:07.707 06/11/2076]',43.761
'[15:08:07.711 06/11/2076]',-47.277
'[15:08:07.715 06/11/2076]',-10.159
'[15:08:07.719 06/11/2076]',72.283
'[15:08:07.723 06/11/2076]',-131.282
'[15:08:07.727 06/11/2076]',32.821
'[15:08:07.730 06/11/2076]',124.640
'[15:08:07.734 06/11/2076]',-25.397
'[15:08:07.738 06/11/2076]',48.059
'[15:08:07.742 06/11/2076]',42.589
'[15:08:07.746 06/11/2076]',60.171
'[15:08:07.750 06/11/2076]',-73.065
'[15:08:07.754 06/11/2076]',5.470
'[15:08:07.758 06/11/2076]',-75.018
'[15:08:07.762 06/11/2076]',-368.840
'[15:08:07.766 06/11/2076]',-93.382
'[15:08:07.770 06/11/2076]',-116.044
'[15:08:07.773 06/11/2076]',60.171
'[15:08:07.777 06/11/2076]',189.890
'[15:08:07.781 06/11/2076]',173.871
'[15:08:07.785 06/11/2076]',24.615
'[15:08:07.789 06/11/2076]',-29.695
'[15:08:07.793 06/11/2076]',-76.581
'[15:08:07.797 06/11/2076]',-32.430
'[15:08:07.801 06/11/2076]',-8.596
'[15:08:07.805 06/11/2076]',-103.541
'[15:08:07.809 06/11/2076]',-152.381
'[15:08:07.813 06/11/2076]',-58.217
'[15:08:07.816 06/11/2076]',-2.735
'[15:08:07.820 06/11/2076]',11.331
'[15:08:07.824 06/11/2076]',-7.033
'[15:08:07.828 06/11/2076]',-37.509
'[15:08:07.832 06/11/2076]',26.178
'[15:08:07.836 06/11/2076]',-95.336
'[15:08:07.840 06/11/2076]',-60.562
'[15:08:07.844 06/11/2076]',2.344
'[15:08:07.848 06/11/2076]',-235.995
'[15:08:07.852 06/11/2076]',-85.568
'[15:08:07.855 06/11/2076]',-2.735
'[15:08:07.859 06/11/2076]',-92.210
'[15:08:07.863 06/11/2076]',1.172
'[15:08:07.867 06/11/2076]',-55.873
'[15:08:07.871 06/11/2076]',-87.131
'[15:08:07.875 06/11/2076]',-95.336
'[15:08:07.879 06/11/2076]',-236.777
'[15:08:07.883 06/11/2076]',-44.542
'[15:08:07.887 06/11/2076]',-60.171
'[15:08:07.891 06/11/2076]',-134.799
'[15:08:07.895 06/11/2076]',-140.269
'[15:08:07.898 06/11/2076]',-132.063
'[15:08:07.902 06/11/2076]',-255.922
'[15:08:07.906 06/11/2076]',-248.107
'[15:08:07.910 06/11/2076]',-66.032
'[15:08:07.914 06/11/2076]',-35.946
'[15:08:07.918 06/11/2076]',-168.010
'[15:08:07.922 06/11/2076]',-76.190
'[15:08:07.926 06/11/2076]',-164.884
'[15:08:07.930 06/11/2076]',-238.730
'[15:08:07.934 06/11/2076]',-110.574
'[15:08:07.938 06/11/2076]',-89.084
'[15:08:07.941 06/11/2076]',-145.348
'[15:08:07.945 06/11/2076]',-181.685
'[15:08:07.949 06/11/2076]',-252.015
'[15:08:07.953 06/11/2076]',-180.122
'[15:08:07.957 06/11/2076]',-188.718
'[15:08:07.961 06/11/2076]',-174.652
'[15:08:07.965 06/11/2076]',-68.376
'[15:08:07.969 06/11/2076]',-100.806
'[15:08:07.973 06/11/2076]',-200.049
'[15:08:07.977 06/11/2076]',-219.976
'[15:08:07.980 06/11/2076]',-99.634
'[15:08:07.984 06/11/2076]',-181.294
'[15:08:07.988 06/11/2076]',-253.968
'[15:08:07.992 06/11/2076]',-92.991
'[15:08:07.996 06/11/2076]',-283.272
'[15:08:08.000 06/11/2076]',-239.512
'[15:08:08.004 06/11/2076]',-150.427
'[15:08:08.008 06/11/2076]',-208.645
'[15:08:08.012 06/11/2076]',-219.976
'[15:08:08.016 06/11/2076]',-183.248
'[15:08:08.020 06/11/2076]',-209.426
'[15:08:08.023 06/11/2076]',-189.499
'[15:08:08.027 06/11/2076]',-171.526
'[15:08:08.031 06/11/2076]',-209.426
'[15:08:08.035 06/11/2076]',-85.568
'[15:08:08.039 06/11/2076]',-112.918
'[15:08:08.043 06/11/2076]',39.853
'[15:08:08.047 06/11/2076]',-93.773
'[15:08:08.051 06/11/2076]',-121.514
'[15:08:08.055 06/11/2076]',-137.924
'[15:08:08.059 06/11/2076]',-216.459
'[15:08:08.063 06/11/2076]',-32.430
'[15:08:08.066 06/11/2076]',-242.637
'[15:08:08.070 06/11/2076]',-106.276
'[15:08:08.074 06/11/2076]',-47.277
'[15:08:08.078 06/11/2076]',-148.864
'[15:08:08.082 06/11/2076]',17.192
'[15:08:08.086 06/11/2076]',87.131
'[15:08:08.090 06/11/2076]',-100.806
'[15:08:08.094 06/11/2076]',-85.958
'[15:08:08.098 06/11/2076]',12.503
'[15:08:08.102 06/11/2076]',-12.894
'[15:08:08.105 06/11/2076]',30.867
'[15:08:08.109 06/11/2076]',112.918
'[15:08:08.113 06/11/2076]',60.562
'[15:08:08.117 06/11/2076]',-23.053
'[15:08:08.121 06/11/2076]',-71.502
'[15:08:08.125 06/11/2076]',-50.012
'[15:08:08.129 06/11/2076]',26.178
'[15:08:08.133 06/11/2076]',148.083
'[15:08:08.137 06/11/2076]',130.891
'[15:08:08.141 06/11/2076]',104.322
'[15:08:08.145 06/11/2076]',-17.192
'[15:08:08.148 06/11/2076]',-14.066
'[15:08:08.152 06/11/2076]',-21.880
'[15:08:08.156 06/11/2076]',119.560
'[15:08:08.160 06/11/2076]',202.784
'[15:08:08.164 06/11/2076]',79.707
'[15:08:08.168 06/11/2076]',140.659
'[15:08:08.172 06/11/2076]',194.188
'[15:08:08.176 06/11/2076]',144.957
'[15:08:08.180 06/11/2076]',182.076
'[15:08:08.184 06/11/2076]',268.034
'[15:08:08.188 06/11/2076]',91.038
'[15:08:08.191 06/11/2076]',24.225
'[15:08:08.195 06/11/2076]',162.930
'[15:08:08.199 06/11/2076]',207.473
'[15:08:08.203 06/11/2076]',76.190
'[15:08:08.207 06/11/2076]',228.571
'[15:08:08.211 06/11/2076]',225.836
'[15:08:08.215 06/11/2076]',176.996
'[15:08:08.219 06/11/2076]',185.983
'[15:08:08.223 06/11/2076]',269.206
'[15:08:08.227 06/11/2076]',246.154
'[15:08:08.230 06/11/2076]',189.499
'[15:08:08.234 06/11/2076]',299.683
'[15:08:08.238 06/11/2076]',230.525
'[15:08:08.242 06/11/2076]',195.360
'[15:08:08.246 06/11/2076]',175.824
'[15:08:08.250 06/11/2076]',157.070
'[15:08:08.254 06/11/2076]',125.421
'[15:08:08.258 06/11/2076]',174.261
'[15:08:08.262 06/11/2076]',231.306
'[15:08:08.266 06/11/2076]',234.823
'[15:08:08.270 06/11/2076]',193.797
'[15:08:08.273 06/11/2076]',275.458
'[15:08:08.277 06/11/2076]',185.983
'[15:08:08.281 06/11/2076]',121.905
'[15:08:08.285 06/11/2076]',201.221
'[15:08:08.289 06/11/2076]',171.917
'[15:08:08.293 06/11/2076]',220.366
'[15:08:08.297 06/11/2076]',223.492
'[15:08:08.301 06/11/2076]',195.751
'[15:08:08.305 06/11/2076]',118.388
'[15:08:08.309 06/11/2076]',89.475
'[15:08:08.313 06/11/2076]',126.984
'[15:08:08.316 06/11/2076]',156.288
'[15:08:08.320 06/11/2076]',186.764
'[15:08:08.324 06/11/2076]',120.342
'[15:08:08.328 06/11/2076]',85.568
'[15:08:08.332 06/11/2076]',87.131
'[15:08:08.336 06/11/2076]',33.211
'[15:08:08.340 06/11/2076]',-54.701
'[15:08:08.344 06/11/2076]',105.885
'[15:08:08.348 06/11/2076]',-67.595
'[15:08:08.352 06/11/2076]',-53.138
'[15:08:08.355 06/11/2076]',-58.608
'[15:08:08.359 06/11/2076]',-64.078
'[15:08:08.363 06/11/2076]',-106.276
'[15:08:08.367 06/11/2076]',-123.858
'[15:08:08.371 06/11/2076]',-110.183
'[15:08:08.375 06/11/2076]',-33.993
'[15:08:08.379 06/11/2076]',-42.198
'[15:08:08.383 06/11/2076]',-7.033
'[15:08:08.387 06/11/2076]',-140.659
'[15:08:08.391 06/11/2076]',-68.376
'[15:08:08.395 06/11/2076]',-187.546
'[15:08:08.398 06/11/2076]',-208.254
'[15:08:08.402 06/11/2076]',16.801
'[15:08:08.406 06/11/2076]',-247.326
'[15:08:08.410 06/11/2076]',-183.248
'[15:08:08.414 06/11/2076]',-32.821
'[15:08:08.418 06/11/2076]',-112.137
'[15:08:08.422 06/11/2076]',-90.647
'[15:08:08.426 06/11/2076]',14.847
'[15:08:08.430 06/11/2076]',-61.734
'[15:08:08.434 06/11/2076]',-103.932
'[15:08:08.438 06/11/2076]',23.443
'[15:08:08.441 06/11/2076]',-20.708
'[15:08:08.445 06/11/2076]',-85.568
'[15:08:08.449 06/11/2076]',-55.482
'[15:08:08.453 06/11/2076]',-62.906
'[15:08:08.457 06/11/2076]',-44.151
'[15:08:08.461 06/11/2076]',-7.814
'[15:08:08.465 06/11/2076]',10.159
'[15:08:08.469 06/11/2076]',-112.918
'[15:08:08.473 06/11/2076]',-80.098
'[15:08:08.477 06/11/2076]',-24.225
'[15:08:08.480 06/11/2076]',-25.788
'[15:08:08.484 06/11/2076]',7.033
'[15:08:08.488 06/11/2076]',-0.781
'[15:08:08.492 06/11/2076]',-30.085
'[15:08:08.496 06/11/2076]',-26.178
'[15:08:08.500 06/11/2076]',-12.894
'[15:08:08.504 06/11/2076]',4.689
'[15:08:08.508 06/11/2076]',-7.033
'[15:08:08.512 06/11/2076]',18.755
'[15:08:08.516 06/11/2076]',0.781
'[15:08:08.520 06/11/2076]',26.569
'[15:08:08.523 06/11/2076]',7.814
'[15:08:08.527 06/11/2076]',11.331
'[15:08:08.531 06/11/2076]',26.178
'[15:08:08.535 06/11/2076]',4.298
'[15:08:08.539 06/11/2076]',21.490
'[15:08:08.543 06/11/2076]',22.662
'[15:08:08.547 06/11/2076]',43.370
'[15:08:08.551 06/11/2076]',29.304
'[15:08:08.555 06/11/2076]',23.443
'[15:08:08.559 06/11/2076]',16.410
'[15:08:08.563 06/11/2076]',26.569
'[15:08:08.566 06/11/2076]',-5.470
'[15:08:08.570 06/11/2076]',4.689
'[15:08:08.574 06/11/2076]',7.033
'[15:08:08.578 06/11/2076]',4.689
'[15:08:08.582 06/11/2076]',1.563
'[15:08:08.586 06/11/2076]',-0.391
'[15:08:08.590 06/11/2076]',-5.861
'[15:08:08.594 06/11/2076]',-3.126
'[15:08:08.598 06/11/2076]',17.582
'[15:08:08.602 06/11/2076]',20.708
'[15:08:08.605 06/11/2076]',16.410
'[15:08:08.609 06/11/2076]',21.880
'[15:08:08.613 06/11/2076]',21.880
'[15:08:08.617 06/11/2076]',13.675
'[15:08:08.621 06/11/2076]',-0.781
'[15:08:08.625 06/11/2076]',10.940
'[15:08:08.629 06/11/2076]',16.410
'[15:08:08.633 06/11/2076]',-22.271
'[15:08:08.637 06/11/2076]',-5.079
'[15:08:08.641 06/11/2076]',-10.940
'[15:08:08.645 06/11/2076]',-23.443
'[15:08:08.648 06/11/2076]',-14.457
'[15:08:08.652 06/11/2076]',-17.582
'[15:08:08.656 06/11/2076]',-29.695
'[15:08:08.660 06/11/2076]',-28.132
'[15:08:08.664 06/11/2076]',-20.317
'[15:08:08.668 06/11/2076]',-25.006
'[15:08:08.672 06/11/2076]',-46.886
'[15:08:08.676 06/11/2076]',-39.463
'[15:08:08.680 06/11/2076]',-37.900
'[15:08:08.684 06/11/2076]',-61.734
'[15:08:08.688 06/11/2076]',-61.343
'[15:08:08.691 06/11/2076]',-61.343
'[15:08:08.695 06/11/2076]',-66.813
'[15:08:08.699 06/11/2076]',-63.687
'[15:08:08.703 06/11/2076]',-60.562
'[15:08:08.707 06/11/2076]',-66.422
'[15:08:08.711 06/11/2076]',-66.032
'[15:08:08.715 06/11/2076]',-60.952
'[15:08:08.719 06/11/2076]',-63.687
'[15:08:08.723 06/11/2076]',-75.800
'[15:08:08.727 06/11/2076]',-54.701
'[15:08:08.730 06/11/2076]',-52.357
'[15:08:08.734 06/11/2076]',-69.548
'[15:08:08.738 06/11/2076]',-75.800
'[15:08:08.742 06/11/2076]',-70.330
'[15:08:08.746 06/11/2076]',-83.223
'[15:08:08.750 06/11/2076]',-78.144
'[15:08:08.754 06/11/2076]',-74.628
'[15:08:08.758 06/11/2076]',-81.661
'[15:08:08.762 06/11/2076]',-82.833
'[15:08:08.766 06/11/2076]',-81.270
'[15:08:08.770 06/11/2076]',-82.833
'[15:08:08.773 06/11/2076]',-86.349
'[15:08:08.777 06/11/2076]',-84.005
'[15:08:08.781 06/11/2076]',-76.581
'[15:08:08.785 06/11/2076]',-80.488
'[15:08:08.789 06/11/2076]',-87.131
'[15:08:08.793 06/11/2076]',-68.376
'[15:08:08.797 06/11/2076]',-66.422
'[15:08:08.801 06/11/2076]',-85.568
'[15:08:08.805 06/11/2076]',-86.349
'[15:08:08.809 06/11/2076]',-73.065
'[15:08:08.813 06/11/2076]',-65.250
'[15:08:08.816 06/11/2076]',-67.204
'[15:08:08.820 06/11/2076]',-56.264
'[15:08:08.824 06/11/2076]',-72.283
'[15:08:08.828 06/11/2076]',-74.628
'[15:08:08.832 06/11/2076]',-65.641
'[15:08:08.836 06/11/2076]',-64.469
'[15:08:08.840 06/11/2076]',-72.283
'[15:08:08.844 06/11/2076]',-57.045
'[15:08:08.848 06/11/2076]',-47.668
'[15:08:08.852 06/11/2076]',-52.747
'[15:08:08.855 06/11/2076]',-47.277
'[15:08:08.859 06/11/2076]',-38.681
'[15:08:08.863 06/11/2076]',-46.105
'[15:08:08.867 06/11/2076]',-53.138
'[15:08:08.871 06/11/2076]',-50.794
'[15:08:08.875 06/11/2076]',-45.324
'[15:08:08.879 06/11/2076]',-44.542
'[15:08:08.883 06/11/2076]',-44.933
'[15:08:08.887 06/11/2076]',-50.794
'[15:08:08.891 06/11/2076]',-71.111
'[15:08:08.895 06/11/2076]',-71.893
'[15:08:08.898 06/11/2076]',-75.018
'[15:08:08.902 06/11/2076]',-84.005
'[15:08:08.906 06/11/2076]',-89.475
'[15:08:08.910 06/11/2076]',-75.018
'[15:08:08.914 06/11/2076]',-80.098
'[15:08:08.918 06/11/2076]',-92.210
'[15:08:08.922 06/11/2076]',-92.991
'[15:08:08.926 06/11/2076]',-100.415
'[15:08:08.930 06/11/2076]',-107.839
'[15:08:08.934 06/11/2076]',-118.779
'[15:08:08.938 06/11/2076]',-126.593
'[15:08:08.941 06/11/2076]',-126.984
'[15:08:08.945 06/11/2076]',-128.156
'[15:08:08.949 06/11/2076]',-126.593
'[15:08:08.953 06/11/2076]',-128.938
'[15:08:08.957 06/11/2076]',-143.004
'[15:08:08.961 06/11/2076]',-150.037
'[15:08:08.965 06/11/2076]',-132.454
'[15:08:08.969 06/11/2076]',-139.096
'[15:08:08.973 06/11/2076]',-124.640
'[15:08:08.977 06/11/2076]',-88.303
'[15:08:08.980 06/11/2076]',-98.462
'[15:08:08.984 06/11/2076]',-104.322
'[15:08:08.988 06/11/2076]',-121.905
'[15:08:08.992 06/11/2076]',-122.295
'[15:08:08.996 06/11/2076]',-113.700
'[15:08:09.000 06/11/2076]',-106.667
'[15:08:09.004 06/11/2076]',-93.382
'[15:08:09.008 06/11/2076]',-94.164
'[15:08:09.012 06/11/2076]',-88.303
'[15:08:09.016 06/11/2076]',-74.237
'[15:08:09.020 06/11/2076]',-85.568
'[15:08:09.023 06/11/2076]',-84.786
'[15:08:09.027 06/11/2076]',-77.363
'[15:08:09.031 06/11/2076]',-63.297
'[15:08:09.035 06/11/2076]',-58.999
'[15:08:09.039 06/11/2076]',-45.324
'[15:08:09.043 06/11/2076]',-21.880
'[15:08:09.047 06/11/2076]',-28.132
'[15:08:09.051 06/11/2076]',-41.807
'[15:08:09.055 06/11/2076]',-39.072
'[15:08:09.059 06/11/2076]',-33.602
'[15:08:09.063 06/11/2076]',-16.801
'[15:08:09.066 06/11/2076]',-16.020
'[15:08:09.070 06/11/2076]',-6.252
'[15:08:09.074 06/11/2076]',-13.675
'[15:08:09.078 06/11/2076]',-1.172
'[15:08:09.082 06/11/2076]',6.642
'[15:08:09.086 06/11/2076]',11.331
'[15:08:09.090 06/11/2076]',5.470
'[15:08:09.094 06/11/2076]',14.457
'[15:08:09.098 06/11/2076]',28.132
'[15:08:09.102 06/11/2076]',26.569
'[15:08:09.105 06/11/2076]',41.026
'[15:08:09.109 06/11/2076]',42.198
'[15:08:09.113 06/11/2076]',35.165
'[15:08:09.117 06/11/2076]',19.927
'[15:08:09.121 06/11/2076]',12.503
'[15:08:09.125 06/11/2076]',21.099
'[15:08:09.129 06/11/2076]',27.350
'[15:08:09.133 06/11/2076]',33.993
'[15:08:09.137 06/11/2076]',36.728
'[15:08:09.141 06/11/2076]',31.648
'[15:08:09.145 06/11/2076]',34.774
'[15:08:09.148 06/11/2076]',41.026
'[15:08:09.152 06/11/2076]',27.741
'[15:08:09.156 06/11/2076]',26.178
'[15:08:09.160 06/11/2076]',38.681
'[15:08:09.164 06/11/2076]',34.774
'[15:08:09.168 06/11/2076]',36.337
'[15:08:09.172 06/11/2076]',42.589
'[15:08:09.176 06/11/2076]',20.708
'[15:08:09.180 06/11/2076]',19.145
'[15:08:09.184 06/11/2076]',9.377
'[15:08:09.188 06/11/2076]',2.344
'[15:08:09.191 06/11/2076]',-1.563
'[15:08:09.195 06/11/2076]',5.861
'[15:08:09.199 06/11/2076]',4.689
'[15:08:09.203 06/11/2076]',-8.987
'[15:08:09.207 06/11/2076]',0.000
'[15:08:09.211 06/11/2076]',-7.033
'[15:08:09.215 06/11/2076]',-6.252
'[15:08:09.219 06/11/2076]',-7.814
'[15:08:09.223 06/11/2076]',-7.424
'[15:08:09.227 06/11/2076]',8.987
'[15:08:09.230 06/11/2076]',17.582
'[15:08:09.234 06/11/2076]',15.629
'[15:08:09.238 06/11/2076]',0.781
'[15:08:09.242 06/11/2076]',10.159
'[15:08:09.246 06/11/2076]',22.271
'[15:08:09.250 06/11/2076]',14.457
'[15:08:09.254 06/11/2076]',21.099
'[15:08:09.258 06/11/2076]',35.165
'[15:08:09.262 06/11/2076]',40.244
'[15:08:09.266 06/11/2076]',38.291
'[15:08:09.270 06/11/2076]',50.403
'[15:08:09.273 06/11/2076]',42.198
'[15:08:09.277 06/11/2076]',48.059
'[15:08:09.281 06/11/2076]',64.078
'[15:08:09.285 06/11/2076]',74.237
'[15:08:09.289 06/11/2076]',68.376
'[15:08:09.293 06/11/2076]',85.177
'[15:08:09.297 06/11/2076]',82.051
'[15:08:09.301 06/11/2076]',59.780
'[15:08:09.305 06/11/2076]',54.701
'[15:08:09.309 06/11/2076]',62.515
'[15:08:09.313 06/11/2076]',61.734
'[15:08:09.316 06/11/2076]',57.436
'[15:08:09.320 06/11/2076]',62.906
'[15:08:09.324 06/11/2076]',46.886
'[15:08:09.328 06/11/2076]',36.337
'[15:08:09.332 06/11/2076]',44.542
'[15:08:09.336 06/11/2076]',47.668
'[15:08:09.340 06/11/2076]',25.788
'[15:08:09.344 06/11/2076]',34.774
'[15:08:09.348 06/11/2076]',48.059
'[15:08:09.352 06/11/2076]',7.033
'[15:08:09.355 06/11/2076]',17.582
'[15:08:09.359 06/11/2076]',26.178
'[15:08:09.363 06/11/2076]',0.781
'[15:08:09.367 06/11/2076]',-6.252
'[15:08:09.371 06/11/2076]',-14.457
'[15:08:09.375 06/11/2076]',-19.927
'[15:08:09.379 06/11/2076]',-22.662
'[15:08:09.383 06/11/2076]',-23.053
'[15:08:09.387 06/11/2076]',-34.774
'[15:08:09.391 06/11/2076]',-42.589
'[15:08:09.395 06/11/2076]',-42.589
'[15:08:09.398 06/11/2076]',-42.198
'[15:08:09.402 06/11/2076]',-46.886
'[15:08:09.406 06/11/2076]',-48.449
'[15:08:09.410 06/11/2076]',-44.933
'[15:08:09.414 06/11/2076]',-25.397
'[15:08:09.418 06/11/2076]',-26.569
'[15:08:09.422 06/11/2076]',-51.575
'[15:08:09.426 06/11/2076]',-41.026
'[15:08:09.430 06/11/2076]',-51.184
'[15:08:09.434 06/11/2076]',-67.204
'[15:08:09.438 06/11/2076]',-48.449
'[15:08:09.441 06/11/2076]',-48.449
'[15:08:09.445 06/11/2076]',-54.310
'[15:08:09.449 06/11/2076]',-56.654
'[15:08:09.453 06/11/2076]',-52.747
'[15:08:09.457 06/11/2076]',-66.032
'[15:08:09.461 06/11/2076]',-68.767
'[15:08:09.465 06/11/2076]',-59.780
'[15:08:09.469 06/11/2076]',-71.502
'[15:08:09.473 06/11/2076]',-74.628
'[15:08:09.477 06/11/2076]',-42.589
'[15:08:09.480 06/11/2076]',-39.463
'[15:08:09.484 06/11/2076]',-47.277
'[15:08:09.488 06/11/2076]',-51.966
'[15:08:09.492 06/11/2076]',-58.608
'[15:08:09.496 06/11/2076]',-60.952
'[15:08:09.500 06/11/2076]',-59.780
'[15:08:09.504 06/11/2076]',-58.999
'[15:08:09.508 06/11/2076]',-50.012
'[15:08:09.512 06/11/2076]',-49.231
'[15:08:09.516 06/11/2076]',-44.542
'[15:08:09.520 06/11/2076]',-43.761
'[15:08:09.523 06/11/2076]',-50.012
'[15:08:09.527 06/11/2076]',-46.886
'[15:08:09.531 06/11/2076]',-33.602
'[15:08:09.535 06/11/2076]',-29.695
'[15:08:09.539 06/11/2076]',-24.615
'[15:08:09.543 06/11/2076]',7.814
'[15:08:09.547 06/11/2076]',20.708
'[15:08:09.551 06/11/2076]',-5.470
'[15:08:09.555 06/11/2076]',-0.391
'[15:08:09.559 06/11/2076]',-9.768
'[15:08:09.563 06/11/2076]',-17.973
'[15:08:09.566 06/11/2076]',-12.894
'[15:08:09.570 06/11/2076]',6.252
'[15:08:09.574 06/11/2076]',-0.391
'[15:08:09.578 06/11/2076]',16.020
'[15:08:09.582 06/11/2076]',24.615
'[15:08:09.586 06/11/2076]',30.476
'[15:08:09.590 06/11/2076]',8.205
'[15:08:09.594 06/11/2076]',19.145
'[15:08:09.598 06/11/2076]',26.960
'[15:08:09.602 06/11/2076]',15.238
'[15:08:09.605 06/11/2076]',27.350
'[15:08:09.609 06/11/2076]',41.026
'[15:08:09.613 06/11/2076]',29.695
'[15:08:09.617 06/11/2076]',23.443
'[15:08:09.621 06/11/2076]',21.880
'[15:08:09.625 06/11/2076]',25.788
'[15:08:09.629 06/11/2076]',40.244
'[15:08:09.633 06/11/2076]',51.966
'[15:08:09.637 06/11/2076]',49.231
'[15:08:09.641 06/11/2076]',51.184
'[15:08:09.645 06/11/2076]',65.250
'[15:08:09.648 06/11/2076]',77.363
'[15:08:09.652 06/11/2076]',75.800
'[15:08:09.656 06/11/2076]',95.336
'[15:08:09.660 06/11/2076]',108.620
'[15:08:09.664 06/11/2076]',97.289
'[15:08:09.668 06/11/2076]',111.355
'[15:08:09.672 06/11/2076]',98.071
'[15:08:09.676 06/11/2076]',104.713
'[15:08:09.680 06/11/2076]',115.653
'[15:08:09.684 06/11/2076]',112.918
'[15:08:09.688 06/11/2076]',115.263
'[15:08:09.691 06/11/2076]',124.249
'[15:08:09.695 06/11/2076]',119.170
'[15:08:09.699 06/11/2076]',122.295
'[15:08:09.703 06/11/2076]',130.110
'[15:08:09.707 06/11/2076]',126.984
'[15:08:09.711 06/11/2076]',116.825
'[15:08:09.715 06/11/2076]',123.468
'[15:08:09.719 06/11/2076]',99.634
'[15:08:09.723 06/11/2076]',96.899
'[15:08:09.727 06/11/2076]',117.216
'[15:08:09.730 06/11/2076]',117.216
'[15:08:09.734 06/11/2076]',101.587
'[15:08:09.738 06/11/2076]',79.316
'[15:08:09.742 06/11/2076]',73.455
'[15:08:09.746 06/11/2076]',70.720
'[15:08:09.750 06/11/2076]',66.813
'[15:08:09.754 06/11/2076]',62.906
'[15:08:09.758 06/11/2076]',56.264
'[15:08:09.762 06/11/2076]',52.357
'[15:08:09.766 06/11/2076]',50.794
'[15:08:09.770 06/11/2076]',54.310
'[15:08:09.773 06/11/2076]',44.542
'[15:08:09.777 06/11/2076]',35.165
'[15:08:09.781 06/11/2076]',42.198
'[15:08:09.785 06/11/2076]',31.258
'[15:08:09.789 06/11/2076]',29.695
'[15:08:09.793 06/11/2076]',51.184
'[15:08:09.797 06/11/2076]',53.919
'[15:08:09.801 06/11/2076]',26.960
'[15:08:09.805 06/11/2076]',35.556
'[15:08:09.809 06/11/2076]',37.118
'[15:08:09.813 06/11/2076]',26.178
'[15:08:09.816 06/11/2076]',41.416
'[15:08:09.820 06/11/2076]',57.827
'[15:08:09.824 06/11/2076]',56.654
'[15:08:09.828 06/11/2076]',66.422
'[15:08:09.832 06/11/2076]',85.958
'[15:08:09.836 06/11/2076]',75.800
'[15:08:09.840 06/11/2076]',65.641
'[15:08:09.844 06/11/2076]',81.661
'[15:08:09.848 06/11/2076]',98.071
'[15:08:09.852 06/11/2076]',96.899
'[15:08:09.855 06/11/2076]',105.495
'[15:08:09.859 06/11/2076]',123.468
'[15:08:09.863 06/11/2076]',117.607
'[15:08:09.867 06/11/2076]',120.733
'[15:08:09.871 06/11/2076]',107.839
'[15:08:09.875 06/11/2076]',117.216
'[15:08:09.879 06/11/2076]',98.852
'[15:08:09.883 06/11/2076]',96.117
'[15:08:09.887 06/11/2076]',96.117
'[15:08:09.891 06/11/2076]',92.601
'[15:08:09.895 06/11/2076]',96.117
'[15:08:09.898 06/11/2076]',91.429
'[15:08:09.902 06/11/2076]',68.376
'[15:08:09.906 06/11/2076]',54.701
'[15:08:09.910 06/11/2076]',55.482
'[15:08:09.914 06/11/2076]',61.734
'[15:08:09.918 06/11/2076]',55.482
'[15:08:09.922 06/11/2076]',48.449
'[15:08:09.926 06/11/2076]',49.621
'[15:08:09.930 06/11/2076]',38.681
'[15:08:09.934 06/11/2076]',25.397
'[15:08:09.938 06/11/2076]',32.039
'[15:08:09.941 06/11/2076]',25.006
'[15:08:09.945 06/11/2076]',27.741
'[15:08:09.949 06/11/2076]',34.774
'[15:08:09.953 06/11/2076]',48.449
'[15:08:09.957 06/11/2076]',19.145
'[15:08:09.961 06/11/2076]',32.039
'[15:08:09.965 06/11/2076]',29.695
'[15:08:09.969 06/11/2076]',22.662
'[15:08:09.973 06/11/2076]',26.178
'[15:08:09.977 06/11/2076]',44.151
'[15:08:09.980 06/11/2076]',42.979
'[15:08:09.984 06/11/2076]',30.085
'[15:08:09.988 06/11/2076]',26.178
'[15:08:09.992 06/11/2076]',32.430
'[15:08:09.996 06/11/2076]',30.476
'[15:08:10.000 06/11/2076]',23.834
'[15:08:10.004 06/11/2076]',39.463
'[15:08:10.008 06/11/2076]',47.277
'[15:08:10.012 06/11/2076]',49.621
'[15:08:10.016 06/11/2076]',53.138
'[15:08:10.020 06/11/2076]',53.529
'[15:08:10.023 06/11/2076]',33.993
'[15:08:10.027 06/11/2076]',61.734
'[15:08:10.031 06/11/2076]',73.846
'[15:08:10.035 06/11/2076]',82.442
'[15:08:10.039 06/11/2076]',81.270
'[15:08:10.043 06/11/2076]',87.521
'[15:08:10.047 06/11/2076]',92.210
'[15:08:10.051 06/11/2076]',67.595
'[15:08:10.055 06/11/2076]',57.436
'[15:08:10.059 06/11/2076]',53.138
'[15:08:10.063 06/11/2076]',60.171
'[15:08:10.066 06/11/2076]',67.595
'[15:08:10.070 06/11/2076]',75.018
'[15:08:10.074 06/11/2076]',68.767
'[15:08:10.078 06/11/2076]',56.264
'[15:08:10.082 06/11/2076]',47.277
'[15:08:10.086 06/11/2076]',42.589
'[15:08:10.090 06/11/2076]',46.105
'[15:08:10.094 06/11/2076]',44.151
'[15:08:10.098 06/11/2076]',59.780
'[15:08:10.102 06/11/2076]',51.966
'[15:08:10.105 06/11/2076]',30.085
'[15:08:10.109 06/11/2076]',39.463
'[15:08:10.113 06/11/2076]',33.602
'[15:08:10.117 06/11/2076]',15.629
'[15:08:10.121 06/11/2076]',11.722
'[15:08:10.125 06/11/2076]',12.503
'[15:08:10.129 06/11/2076]',3.516
'[15:08:10.133 06/11/2076]',-9.768
'[15:08:10.137 06/11/2076]',-7.424
'[15:08:10.141 06/11/2076]',-19.536
'[15:08:10.145 06/11/2076]',-25.397
'[15:08:10.148 06/11/2076]',-25.006
'[15:08:10.152 06/11/2076]',-52.357
'[15:08:10.156 06/11/2076]',-57.436
'[15:08:10.160 06/11/2076]',-53.529
'[15:08:10.164 06/11/2076]',-42.589
'[15:08:10.168 06/11/2076]',-42.589
'[15:08:10.172 06/11/2076]',-52.357
'[15:08:10.176 06/11/2076]',-71.502
'[15:08:10.180 06/11/2076]',-67.985
'[15:08:10.184 06/11/2076]',-92.210
'[15:08:10.188 06/11/2076]',-105.104
'[15:08:10.191 06/11/2076]',-94.945
'[15:08:10.195 06/11/2076]',-109.402
'[15:08:10.199 06/11/2076]',-116.044
'[15:08:10.203 06/11/2076]',-108.230
'[15:08:10.207 06/11/2076]',-110.965
'[15:08:10.211 06/11/2076]',-116.435
'[15:08:10.215 06/11/2076]',-109.011
'[15:08:10.219 06/11/2076]',-116.044
'[15:08:10.223 06/11/2076]',-139.487
'[15:08:10.227 06/11/2076]',-106.276
'[15:08:10.230 06/11/2076]',-100.415
'[15:08:10.234 06/11/2076]',-101.978
'[15:08:10.238 06/11/2076]',-125.421
'[15:08:10.242 06/11/2076]',-129.328
'[15:08:10.246 06/11/2076]',-149.255
'[15:08:10.250 06/11/2076]',-176.996
'[15:08:10.254 06/11/2076]',-166.056
'[15:08:10.258 06/11/2076]',-162.149
'[15:08:10.262 06/11/2076]',-162.149
'[15:08:10.266 06/11/2076]',-151.990
'[15:08:10.270 06/11/2076]',-158.242
'[15:08:10.273 06/11/2076]',-175.433
'[15:08:10.277 06/11/2076]',-173.871
'[15:08:10.281 06/11/2076]',-171.917
'[15:08:10.285 06/11/2076]',-180.904
'[15:08:10.289 06/11/2076]',-167.619
'[15:08:10.293 06/11/2076]',-149.646
'[15:08:10.297 06/11/2076]',-147.692
'[15:08:10.301 06/11/2076]',-147.302
'[15:08:10.305 06/11/2076]',-151.209
'[15:08:10.309 06/11/2076]',-151.209
'[15:08:10.313 06/11/2076]',-135.971
'[15:08:10.316 06/11/2076]',-131.282
'[15:08:10.320 06/11/2076]',-141.832
'[15:08:10.324 06/11/2076]',-150.427
'[15:08:10.328 06/11/2076]',-153.944
'[15:08:10.332 06/11/2076]',-149.255
'[15:08:10.336 06/11/2076]',-133.236
'[15:08:10.340 06/11/2076]',-137.143
'[15:08:10.344 06/11/2076]',-123.858
'[15:08:10.348 06/11/2076]',-99.634
'[15:08:10.352 06/11/2076]',-117.998
'[15:08:10.355 06/11/2076]',-111.746
'[15:08:10.359 06/11/2076]',-100.806
'[15:08:10.363 06/11/2076]',-103.541
'[15:08:10.367 06/11/2076]',-123.468
'[15:08:10.371 06/11/2076]',-99.634
'[15:08:10.375 06/11/2076]',-85.958
'[15:08:10.379 06/11/2076]',-68.767
'[15:08:10.383 06/11/2076]',-68.767
'[15:08:10.387 06/11/2076]',-60.952
'[15:08:10.391 06/11/2076]',-66.813
'[15:08:10.395 06/11/2076]',-81.661
'[15:08:10.398 06/11/2076]',-75.800
'[15:08:10.402 06/11/2076]',-73.455
'[15:08:10.406 06/11/2076]',-79.707
'[15:08:10.410 06/11/2076]',-63.687
'[15:08:10.414 06/11/2076]',-48.059
'[15:08:10.418 06/11/2076]',-46.105
'[15:08:10.422 06/11/2076]',-51.966
'[15:08:10.426 06/11/2076]',-48.449
'[15:08:10.430 06/11/2076]',-45.714
'[15:08:10.434 06/11/2076]',-64.860
'[15:08:10.438 06/11/2076]',-73.065
'[15:08:10.441 06/11/2076]',-40.635
'[15:08:10.445 06/11/2076]',-41.026
'[15:08:10.449 06/11/2076]',-42.198
'[15:08:10.453 06/11/2076]',-28.523
'[15:08:10.457 06/11/2076]',-58.999
'[15:08:10.461 06/11/2076]',-64.078
'[15:08:10.465 06/11/2076]',-47.668
'[15:08:10.469 06/11/2076]',-55.482
'[15:08:10.473 06/11/2076]',-46.886
'[15:08:10.477 06/11/2076]',-25.788
'[15:08:10.480 06/11/2076]',-22.271
'[15:08:10.484 06/11/2076]',-42.198
'[15:08:10.488 06/11/2076]',-46.886
'[15:08:10.492 06/11/2076]',-37.118
'[15:08:10.496 06/11/2076]',-28.132
'[15:08:10.500 06/11/2076]',-16.801
'[15:08:10.504 06/11/2076]',-28.523
'[15:08:10.508 06/11/2076]',-30.085
'[15:08:10.512 06/11/2076]',-44.933
'[15:08:10.516 06/11/2076]',-46.496
'[15:08:10.520 06/11/2076]',-19.536
'[15:08:10.523 06/11/2076]',-31.648
'[15:08:10.527 06/11/2076]',-21.880
'[15:08:10.531 06/11/2076]',-7.814
'[15:08:10.535 06/11/2076]',-17.582
'[15:08:10.539 06/11/2076]',-19.145
'[15:08:10.543 06/11/2076]',-5.079
'[15:08:10.547 06/11/2076]',-8.205
'[15:08:10.551 06/11/2076]',-49.621
'[15:08:10.555 06/11/2076]',-39.463
'[15:08:10.559 06/11/2076]',-46.105
'[15:08:10.563 06/11/2076]',-53.138
'[15:08:10.566 06/11/2076]',-40.244
'[15:08:10.570 06/11/2076]',-54.310
'[15:08:10.574 06/11/2076]',-58.608
'[15:08:10.578 06/11/2076]',-41.807
'[15:08:10.582 06/11/2076]',-52.357
'[15:08:10.586 06/11/2076]',-45.714
'[15:08:10.590 06/11/2076]',-46.105
'[15:08:10.594 06/11/2076]',-48.449
'[15:08:10.598 06/11/2076]',-44.151
'[15:08:10.602 06/11/2076]',-36.728
'[15:08:10.605 06/11/2076]',-46.496
'[15:08:10.609 06/11/2076]',-27.350
'[15:08:10.613 06/11/2076]',-32.821
'[15:08:10.617 06/11/2076]',-43.761
'[15:08:10.621 06/11/2076]',-50.794
'[15:08:10.625 06/11/2076]',-61.343
'[15:08:10.629 06/11/2076]',-52.357
'[15:08:10.633 06/11/2076]',-50.794
'[15:08:10.637 06/11/2076]',-65.641
'[15:08:10.641 06/11/2076]',-72.283
'[15:08:10.645 06/11/2076]',-80.098
'[15:08:10.648 06/11/2076]',-86.349
'[15:08:10.652 06/11/2076]',-95.336
'[15:08:10.656 06/11/2076]',-98.071
'[15:08:10.660 06/11/2076]',-110.574
'[15:08:10.664 06/11/2076]',-101.197
'[15:08:10.668 06/11/2076]',-122.295
'[15:08:10.672 06/11/2076]',-132.845
'[15:08:10.676 06/11/2076]',-136.361
'[15:08:10.680 06/11/2076]',-147.692
'[15:08:10.684 06/11/2076]',-159.805
'[15:08:10.688 06/11/2076]',-169.182
'[15:08:10.691 06/11/2076]',-190.672
'[15:08:10.695 06/11/2076]',-195.360
'[15:08:10.699 06/11/2076]',-202.393
'[15:08:10.703 06/11/2076]',-227.399
'[15:08:10.707 06/11/2076]',-203.565
'[15:08:10.711 06/11/2076]',-218.022
'[15:08:10.715 06/11/2076]',-216.850
'[15:08:10.719 06/11/2076]',-204.737
'[15:08:10.723 06/11/2076]',-215.287
'[15:08:10.727 06/11/2076]',-194.969
'[15:08:10.730 06/11/2076]',-185.592
'[15:08:10.734 06/11/2076]',-198.486
'[15:08:10.738 06/11/2076]',-205.910
'[15:08:10.742 06/11/2076]',-202.784
'[15:08:10.746 06/11/2076]',-165.665
'[15:08:10.750 06/11/2076]',-152.381
'[15:08:10.754 06/11/2076]',-128.938
'[15:08:10.758 06/11/2076]',-113.309
'[15:08:10.762 06/11/2076]',-116.435
'[15:08:10.766 06/11/2076]',-98.852
'[15:08:10.770 06/11/2076]',-82.442
'[15:08:10.773 06/11/2076]',-81.661
'[15:08:10.777 06/11/2076]',-36.728
'[15:08:10.781 06/11/2076]',-41.026
'[15:08:10.785 06/11/2076]',-53.138
'[15:08:10.789 06/11/2076]',-10.549
'[15:08:10.793 06/11/2076]',18.755
'[15:08:10.797 06/11/2076]',23.834
'[15:08:10.801 06/11/2076]',24.615
'[15:08:10.805 06/11/2076]',20.317
'[15:08:10.809 06/11/2076]',4.689
'[15:08:10.813 06/11/2076]',26.960
'[15:08:10.816 06/11/2076]',45.714
'[15:08:10.820 06/11/2076]',48.840
'[15:08:10.824 06/11/2076]',55.873
'[15:08:10.828 06/11/2076]',66.813
'[15:08:10.832 06/11/2076]',71.893
'[15:08:10.836 06/11/2076]',79.316
'[15:08:10.840 06/11/2076]',82.833
'[15:08:10.844 06/11/2076]',88.303
'[15:08:10.848 06/11/2076]',123.858
'[15:08:10.852 06/11/2076]',102.759
'[15:08:10.855 06/11/2076]',112.137
'[15:08:10.859 06/11/2076]',92.210
'[15:08:10.863 06/11/2076]',108.230
'[15:08:10.867 06/11/2076]',121.905
'[15:08:10.871 06/11/2076]',125.812
'[15:08:10.875 06/11/2076]',173.089
'[15:08:10.879 06/11/2076]',137.924
'[15:08:10.883 06/11/2076]',94.554
'[15:08:10.887 06/11/2076]',102.369
'[15:08:10.891 06/11/2076]',121.123
'[15:08:10.895 06/11/2076]',83.223
'[15:08:10.898 06/11/2076]',143.394
'[15:08:10.902 06/11/2076]',137.143
'[15:08:10.906 06/11/2076]',101.587
'[15:08:10.910 06/11/2076]',132.845
'[15:08:10.914 06/11/2076]',157.460
'[15:08:10.918 06/11/2076]',148.864
'[15:08:10.922 06/11/2076]',100.806
'[15:08:10.926 06/11/2076]',134.017
'[15:08:10.930 06/11/2076]',145.739
'[15:08:10.934 06/11/2076]',147.692
'[15:08:10.938 06/11/2076]',164.493
'[15:08:10.941 06/11/2076]',156.288
'[15:08:10.945 06/11/2076]',141.050
'[15:08:10.949 06/11/2076]',126.984
'[15:08:10.953 06/11/2076]',102.759
'[15:08:10.957 06/11/2076]',171.136
'[15:08:10.961 06/11/2076]',142.222
'[15:08:10.965 06/11/2076]',65.641
'[15:08:10.969 06/11/2076]',65.641
'[15:08:10.973 06/11/2076]',22.271
'[15:08:10.977 06/11/2076]',76.190
'[15:08:10.980 06/11/2076]',153.944
'[15:08:10.984 06/11/2076]',109.402
'[15:08:10.988 06/11/2076]',98.071
'[15:08:10.992 06/11/2076]',62.125
'[15:08:10.996 06/11/2076]',59.780
'[15:08:11.000 06/11/2076]',93.773
'[15:08:11.004 06/11/2076]',138.315
'[15:08:11.008 06/11/2076]',73.846
'[15:08:11.012 06/11/2076]',73.065
'[15:08:11.016 06/11/2076]',50.794
'[15:08:11.020 06/11/2076]',84.005
'[15:08:11.023 06/11/2076]',73.846
'[15:08:11.027 06/11/2076]',42.589
'[15:08:11.031 06/11/2076]',91.819
'[15:08:11.035 06/11/2076]',97.289
'[15:08:11.039 06/11/2076]',87.912
'[15:08:11.043 06/11/2076]',145.348
'[15:08:11.047 06/11/2076]',168.400
'[15:08:11.051 06/11/2076]',127.766
'[15:08:11.055 06/11/2076]',87.521
'[15:08:11.059 06/11/2076]',139.096
'[15:08:11.063 06/11/2076]',120.733
'[15:08:11.066 06/11/2076]',-17.973
'[15:08:11.070 06/11/2076]',64.469
'[15:08:11.074 06/11/2076]',69.939
'[15:08:11.078 06/11/2076]',73.065
'[15:08:11.082 06/11/2076]',150.818
'[15:08:11.086 06/11/2076]',171.136
'[15:08:11.090 06/11/2076]',124.249
'[15:08:11.094 06/11/2076]',58.608
'[15:08:11.098 06/11/2076]',33.211
'[15:08:11.102 06/11/2076]',43.761
'[15:08:11.105 06/11/2076]',-49.231
'[15:08:11.109 06/11/2076]',79.707
'[15:08:11.113 06/11/2076]',122.686
'[15:08:11.117 06/11/2076]',71.502
'[15:08:11.121 06/11/2076]',199.267
'[15:08:11.125 06/11/2076]',91.038
'[15:08:11.129 06/11/2076]',87.912
'[15:08:11.133 06/11/2076]',-12.894
'[15:08:11.137 06/11/2076]',-62.125
'[15:08:11.141 06/11/2076]',21.490
'[15:08:11.145 06/11/2076]',40.635
'[15:08:11.148 06/11/2076]',78.926
'[15:08:11.152 06/11/2076]',90.256
'[15:08:11.156 06/11/2076]',104.322
'[15:08:11.160 06/11/2076]',33.993
'[15:08:11.164 06/11/2076]',69.939
'[15:08:11.168 06/11/2076]',85.177
'[15:08:11.172 06/11/2076]',0.391
'[15:08:11.176 06/11/2076]',-32.821
'[15:08:11.180 06/11/2076]',76.972
'[15:08:11.184 06/11/2076]',-17.973
'[15:08:11.188 06/11/2076]',110.965
'[15:08:11.191 06/11/2076]',195.360
'[15:08:11.195 06/11/2076]',55.873
'[15:08:11.199 06/11/2076]',280.147
'[15:08:11.203 06/11/2076]',227.009
'[15:08:11.207 06/11/2076]',-67.985
'[15:08:11.211 06/11/2076]',189.109
'[15:08:11.215 06/11/2076]',138.706
'[15:08:11.219 06/11/2076]',151.600
'[15:08:11.223 06/11/2076]',305.543
'[15:08:11.227 06/11/2076]',333.284
'[15:08:11.230 06/11/2076]',300.073
'[15:08:11.234 06/11/2076]',279.365
'[15:08:11.238 06/11/2076]',264.127
'[15:08:11.242 06/11/2076]',304.762
'[15:08:11.246 06/11/2076]',90.647
'[15:08:11.250 06/11/2076]',163.712
'[15:08:11.254 06/11/2076]',157.460
'[15:08:11.258 06/11/2076]',201.612
'[15:08:11.262 06/11/2076]',134.799
'[15:08:11.266 06/11/2076]',393.065
'[15:08:11.270 06/11/2076]',189.109
'[15:08:11.273 06/11/2076]',61.343
'[15:08:11.277 06/11/2076]',371.184
'[15:08:11.281 06/11/2076]',271.551
'[15:08:11.285 06/11/2076]',388.767
'[15:08:11.289 06/11/2076]',444.249
'[15:08:11.293 06/11/2076]',421.978
'[15:08:11.297 06/11/2076]',134.408
'[15:08:11.301 06/11/2076]',89.084
'[15:08:11.305 06/11/2076]',157.070
'[15:08:11.309 06/11/2076]',200.440
'[15:08:11.313 06/11/2076]',287.570
'[15:08:11.316 06/11/2076]',493.871
'[15:08:11.320 06/11/2076]',354.383
'[15:08:11.324 06/11/2076]',224.664
'[15:08:11.328 06/11/2076]',105.495
'[15:08:11.332 06/11/2076]',119.560
'[15:08:11.336 06/11/2076]',80.488
'[15:08:11.340 06/11/2076]',82.442
'[15:08:11.344 06/11/2076]',104.322
'[15:08:11.348 06/11/2076]',83.614
'[15:08:11.352 06/11/2076]',132.845
'[15:08:11.355 06/11/2076]',231.306
'[15:08:11.359 06/11/2076]',408.303
'[15:08:11.363 06/11/2076]',372.357
'[15:08:11.367 06/11/2076]',215.287
'[15:08:11.371 06/11/2076]',69.939
'[15:08:11.375 06/11/2076]',51.575
'[15:08:11.379 06/11/2076]',-3.907
'[15:08:11.383 06/11/2076]',7.033
'[15:08:11.387 06/11/2076]',126.203
'[15:08:11.391 06/11/2076]',-87.521
'[15:08:11.395 06/11/2076]',-89.475
'[15:08:11.398 06/11/2076]',82.051
'[15:08:11.402 06/11/2076]',62.515
'[15:08:11.406 06/11/2076]',96.899
'[15:08:11.410 06/11/2076]',58.608
'[15:08:11.414 06/11/2076]',25.397
'[15:08:11.418 06/11/2076]',-106.276
'[15:08:11.422 06/11/2076]',22.271
'[15:08:11.426 06/11/2076]',30.476
'[15:08:11.430 06/11/2076]',-12.503
'[15:08:11.434 06/11/2076]',-91.038
'[15:08:11.438 06/11/2076]',-199.267
'[15:08:11.441 06/11/2076]',-58.217
'[15:08:11.445 06/11/2076]',-126.203
'[15:08:11.449 06/11/2076]',28.913
'[15:08:11.453 06/11/2076]',209.426
'[15:08:11.457 06/11/2076]',-43.761
'[15:08:11.461 06/11/2076]',-62.906
'[15:08:11.465 06/11/2076]',37.900
'[15:08:11.469 06/11/2076]',-98.462
'[15:08:11.473 06/11/2076]',-19.145
'[15:08:11.477 06/11/2076]',-39.463
'[15:08:11.480 06/11/2076]',-18.755
'[15:08:11.484 06/11/2076]',-6.252
'[15:08:11.488 06/11/2076]',22.271
'[15:08:11.492 06/11/2076]',70.330
'[15:08:11.496 06/11/2076]',232.088
'[15:08:11.500 06/11/2076]',44.933
'[15:08:11.504 06/11/2076]',4.298
'[15:08:11.508 06/11/2076]',97.680
'[15:08:11.512 06/11/2076]',68.376
'[15:08:11.516 06/11/2076]',111.746
'[15:08:11.520 06/11/2076]',166.447
'[15:08:11.523 06/11/2076]',117.216
'[15:08:11.527 06/11/2076]',63.687
'[15:08:11.531 06/11/2076]',126.984
'[15:08:11.535 06/11/2076]',-3.907
'[15:08:11.539 06/11/2076]',69.939
'[15:08:11.543 06/11/2076]',31.258
'[15:08:11.547 06/11/2076]',-38.291
'[15:08:11.551 06/11/2076]',183.639
'[15:08:11.555 06/11/2076]',103.932
'[15:08:11.559 06/11/2076]',-2.735
'[15:08:11.563 06/11/2076]',144.176
'[15:08:11.566 06/11/2076]',-7.424
'[15:08:11.570 06/11/2076]',28.523
'[15:08:11.574 06/11/2076]',135.189
'[15:08:11.578 06/11/2076]',-20.317
'[15:08:11.582 06/11/2076]',-41.807
'[15:08:11.586 06/11/2076]',-14.066
'[15:08:11.590 06/11/2076]',-48.840
'[15:08:11.594 06/11/2076]',-60.952
'[15:08:11.598 06/11/2076]',42.589
'[15:08:11.602 06/11/2076]',-17.973
'[15:08:11.605 06/11/2076]',-105.104
'[15:08:11.609 06/11/2076]',32.821
'[15:08:11.613 06/11/2076]',51.575
'[15:08:11.617 06/11/2076]',-22.271
'[15:08:11.621 06/11/2076]',1.563
'[15:08:11.625 06/11/2076]',195.360
'[15:08:11.629 06/11/2076]',-249.280
'[15:08:11.633 06/11/2076]',-101.587
'[15:08:11.637 06/11/2076]',60.562
'[15:08:11.641 06/11/2076]',-96.117
'[15:08:11.645 06/11/2076]',157.851
'[15:08:11.648 06/11/2076]',133.236
'[15:08:11.652 06/11/2076]',66.422
'[15:08:11.656 06/11/2076]',17.973
'[15:08:11.660 06/11/2076]',-36.728
'[15:08:11.664 06/11/2076]',-6.642
'[15:08:11.668 06/11/2076]',141.441
'[15:08:11.672 06/11/2076]',168.791
'[15:08:11.676 06/11/2076]',187.155
'[15:08:11.680 06/11/2076]',123.858
'[15:08:11.684 06/11/2076]',-41.416
'[15:08:11.688 06/11/2076]',-25.397
'[15:08:11.691 06/11/2076]',40.244
'[15:08:11.695 06/11/2076]',187.155
'[15:08:11.699 06/11/2076]',240.293
'[15:08:11.703 06/11/2076]',150.037
'[15:08:11.707 06/11/2076]',58.999
'[15:08:11.711 06/11/2076]',173.480
'[15:08:11.715 06/11/2076]',66.813
'[15:08:11.719 06/11/2076]',47.277
'[15:08:11.723 06/11/2076]',254.750
'[15:08:11.727 06/11/2076]',87.912
'[15:08:11.730 06/11/2076]',5.470
'[15:08:11.734 06/11/2076]',71.893
'[15:08:11.738 06/11/2076]',-8.205
'[15:08:11.742 06/11/2076]',-48.059
'[15:08:11.746 06/11/2076]',120.733
'[15:08:11.750 06/11/2076]',169.573
'[15:08:11.754 06/11/2076]',53.529
'[15:08:11.758 06/11/2076]',191.453
'[15:08:11.762 06/11/2076]',-36.337
'[15:08:11.766 06/11/2076]',-147.302
'[15:08:11.770 06/11/2076]',38.681
'[15:08:11.773 06/11/2076]',-88.694
'[15:08:11.777 06/11/2076]',-111.746
'[15:08:11.781 06/11/2076]',-107.839
'[15:08:11.785 06/11/2076]',-132.845
'[15:08:11.789 06/11/2076]',-142.222
'[15:08:11.793 06/11/2076]',154.335
'[15:08:11.797 06/11/2076]',171.136
'[15:08:11.801 06/11/2076]',42.979
'[15:08:11.805 06/11/2076]',80.879
'[15:08:11.809 06/11/2076]',-60.562
'[15:08:11.813 06/11/2076]',-98.852
'[15:08:11.816 06/11/2076]',-92.601
'[15:08:11.820 06/11/2076]',-168.791
'[15:08:11.824 06/11/2076]',-231.306
'[15:08:11.828 06/11/2076]',-145.348
'[15:08:11.832 06/11/2076]',-11.722
'[15:08:11.836 06/11/2076]',123.468
'[15:08:11.840 06/11/2076]',107.057
'[15:08:11.844 06/11/2076]',-127.766
'[15:08:11.848 06/11/2076]',-74.237
'[15:08:11.852 06/11/2076]',-95.726
'[15:08:11.855 06/11/2076]',-178.559
'[15:08:11.859 06/11/2076]',181.294
'[15:08:11.863 06/11/2076]',95.726
'[15:08:11.867 06/11/2076]',-168.010
'[15:08:11.871 06/11/2076]',-77.363
'[15:08:11.875 06/11/2076]',-147.302
'[15:08:11.879 06/11/2076]',-188.718
'[15:08:11.883 06/11/2076]',31.258
'[15:08:11.887 06/11/2076]',92.601
'[15:08:11.891 06/11/2076]',51.575
'[15:08:11.895 06/11/2076]',-85.177
'[15:08:11.898 06/11/2076]',50.012
'[15:08:11.902 06/11/2076]',-49.231
'[15:08:11.906 06/11/2076]',34.383
'[15:08:11.910 06/11/2076]',235.214
'[15:08:11.914 06/11/2076]',222.711
'[15:08:11.918 06/11/2076]',26.178
'[15:08:11.922 06/11/2076]',119.951
'[15:08:11.926 06/11/2076]',-109.011
'[15:08:11.930 06/11/2076]',-205.519
'[15:08:11.934 06/11/2076]',20.317
'[15:08:11.938 06/11/2076]',21.880
'[15:08:11.941 06/11/2076]',31.648
'[15:08:11.945 06/11/2076]',138.706
'[15:08:11.949 06/11/2076]',75.800
'[15:08:11.953 06/11/2076]',-34.383
'[15:08:11.957 06/11/2076]',-18.755
'[15:08:11.961 06/11/2076]',-126.984
'[15:08:11.965 06/11/2076]',-73.065
'[15:08:11.969 06/11/2076]',-35.165
'[15:08:11.973 06/11/2076]',55.873
'[15:08:11.977 06/11/2076]',-14.847
'[15:08:11.980 06/11/2076]',-47.668
'[15:08:11.984 06/11/2076]',169.573
'[15:08:11.988 06/11/2076]',-6.252
'[15:08:11.992 06/11/2076]',30.085
'[15:08:11.996 06/11/2076]',119.170
